Username,Nama,Jumlah Follower,Jumlah Following,Bergabung,Jumlah Tweet
iwakkopyor,iwakbandeng,764,887,April 2023,4572
tiuwtiw,Tiwi,4310,1101,July 2024,42.9k
ZAMRIEDGN,ZAMRIEDGN,7,13,January 2013,10k
ragilnugroho1,ragilnugroho,28.6k,62,February 2012,41.3k
Abu_shahib16,arrijal,41,245,September 2024,2821
JOKOPITOYOO,Joko Joko,3,41,August 2024,593
AriantoAnt75095,Tukang Lapor,90,457,April 2023,877
Rakha_boumi,AKA-WIJAYA99,2099,2580,December 2018,175.9k
jangetes,Jangetes,6,198,April 2022,72
nature69_,nature69,126,203,June 2022,797
selisihmakna,Fandy,774,1100,June 2012,19.2k
aboutmalang_com,AboutMalang.com,329,318,June 2023,11.1k
Kxatarina,Araa,4692,4814,January 2022,19.9k
utamigoatmilk,Budi,4283,5451,February 2013,107.4k
mulyani_nadine,Nadie Mulyani,1,5,August 2022,630
ImaginarySteady,Just DaNa,1523,1050,June 2014,65.1k
KompasTV,KOMPAS TV,5.4m,532,September 2009,811k
jungjaemate,lia jung,1281,1221,April 2019,7372
BudiYon43861466,Budi Yono,7,9,January 2023,2768
Zahra_Humairah_,Humairah,2081,1159,July 2024,1994
HumasJambi,polresta jambi,253,11,January 2020,6009
ChainsawSimple,NIGHTMARE ,1805,1623,November 2023,31.2k
SuhairiAmril,HALAK KAPPUNG,79,171,January 2019,2966
fufufafaaibnas,,3,927,November 2015,16.4k
natajayawijaya,natajaya,60,249,November 2022,1255
GardaGun,Kang Gun,278,582,November 2015,17.6k
multalhaq,txtdariJim,282,554,June 2011,9024
Nabi_Urban,graswurzellieder,206,561,January 2022,6210
dekkuaci,widya,99,94,April 2023,7496
Quinlan86861876,quit playing games with my heart,342,463,February 2019,5120
ZAqilaraisya,SambalPedas,26,234,January 2022,5296
TeinjiDeWulf,Teinji Leonhart,1345,138,August 2010,6018
om_mpo,Seni Berkata-Kata,89,441,April 2010,2685
DilogoSemo,Semo Dilogo,118,239,April 2019,5168
badjot4,badjotdeanpierre,0,43,June 2014,412
NcangBeni,Ncang Ben - Jenggo,8507,1791,March 2019,135k
sari_tar11,Sari,295,34,July 2022,700
Anassp66,Anas Irianto,0,13,September 2024,3
redcircle_,,9893,858,January 2020,22.2k
ad1fe441ad7447e,Rakdjat djelata,189,118,July 2014,823
Hendraw_wan,Hendrawan,6,49,July 2022,564
Siskanirmala16,Siska nirmala,2,0,July 2022,455
Widiya_aaa,Widiya,17,0,July 2022,502
SOERYAW4DI,SOERYAW4DI,696,480,June 2019,14.6k
lailanuuzuliyah,Laila Nuuzuliyah,0,7,August 2024,190
NTT_Baomong,NTT BAOMONG,167,100,September 2022,1369
InvestorID,Investor Daily,37.1k,124,January 2011,251k
PatrickGuchiano,Patrick,2188,2000,May 2020,6518
peciirengjateng,Peci ireng jateng,47,6,September 2024,209
KATADATAcoid,Katadata.co.id,61.9k,9,April 2012,202k
holopiscom,holopiscom,1430,0,March 2021,23.6k
FiselliS,Fiselli Siera,2,0,October 2023,437
GifasyaA,Gifasya aisya,3,0,October 2023,409
rchltXPSInfoNws,rchltmedia XPess! Public Relations ,9,181,February 2022,920
steendam32,bianbian,0,2,April 2013,125
JatmikoRifiawan,Jatmiko Rifiawan,562,57,December 2023,1995
MartenBani,Redaksi Timur,10,104,January 2023,1270
BeeInsfire,Bee Insfire,607,537,September 2022,2541
Me_LiverpoolFC,Liverpool Fan,307,955,September 2009,15.5k
DhannyAgus29159,Andy A Dhanny,27,32,February 2024,590
yoogiiss,yogis,14.5k,5345,March 2015,188k
geloraco,GELORA NEWS,619k,3195,August 2015,272k
AmandaOktalia_,Amanda Oktalia,4369,4549,November 2013,27.8k
kompascom,Kompas.com,8.7m,29,March 2009,2.6m
TotokTrijanto,Totok Trijanto,33,50,June 2015,1484
Triyendi_,Triyendi,17,0,July 2022,516
Adiyusuf24,Adi yusuf,2,0,July 2022,463
jendreali,Jeno,4423,4926,December 2015,11.6k
JokoGledek2401,commat mat,0,4,August 2024,566
abdullah_yanto,Abdullah Yanto,1408,3274,January 2019,41.4k
rini_kartini20,Rini Kartini,1,22,September 2024,87
juraganpokat,juragan pokat,90,226,October 2009,10.2k
hnirankara,Mas Hara,23.1k,135,June 2017,7844
VIVAcoid,VivaCoid,4.8m,12,May 2009,1.8m
piyuuh97,iyupiu,129,30,July 2024,2249
polsek_adimulyo,polsek adimulyo,21,17,November 2022,2641
_Haris_Srg,Suluh98,5661,2745,November 2010,116k
Don4tBul4t,DonatBulat,2538,3070,August 2020,54.1k
Carly_Taw,carly_tw,8,178,May 2024,764
YashaOki,oki yasha,75,31,September 2022,2560
legod0965,Legod,1533,1437,May 2014,15.3k
Rendy130660,Rendy Vanjaya,6,154,July 2024,394
zenny_ahmad,eL CHi IBRAHIM,1799,2110,July 2015,31.3k
hatewe369,Wan overpayment ,252,743,October 2015,16.1k
kerenlina_lina,Karen lina,4,0,October 2023,395
ardandeen,endan,6,18,September 2024,20
IsyaRenna,Ranna isya,2,0,October 2023,445
mpogolkarbinjai,Media Pengenalan Opini Partai GOLKAR Kota Binjai,544,533,March 2022,1494
catina_iznia,Catina Iznia,0,17,September 2023,582
JurnalNews_ID,JurnalNews.id,1058,316,March 2013,43.8k
merdekaman95111,merdekaman,159,231,June 2023,16.2k
Ulfah_hhh,Ulfah,18,0,July 2022,515
Lusiani09527922,Lusiani,4,0,July 2022,488
Beritasatu,BeritaSatu,1m,219,June 2010,1.1m
detikcom,detikcom,23.4m,42,August 2009,2.4m
derangedtwat,deluded,4,349,September 2019,4062
rcrudy24,rudy,59,168,July 2024,451
Adamhziq29,Prabowo Fans Kuala Lumpur,692,285,November 2019,15.5k
arif_suhari1970,arif,73,195,July 2013,3590
keyla_meiyantii,Keyla Meiyanti,0,28,September 2023,462
mediaindonesia,Media Indonesia,1.7m,81,August 2009,897k
CahAngon2068350,Cah Angon,138,1093,September 2024,123
cagubnyinyir2,SONTOLOYO,10.2k,6993,July 2018,100k
GSI1892507,Unsarjanabodong,13,238,September 2024,1200
letsgooooxgo,lego',24,43,September 2022,2025
Gojeck7,kasep pysan,264,39,February 2023,29.1k
AngginaNiara,Anggina niara,2,0,October 2023,438
akuratco,Akuratco,12.3k,1597,October 2016,360k
puorjoTV,puorjoTV,13,3,December 2021,992
Bentir16,Bentir,2655,2492,February 2020,56.8k
0xkingnava,yelo pt.2 | dauly win,136,856,May 2021,17.5k
hozhy2,simon yudi,101,349,September 2014,2809
Duren___,Duren,9642,5108,March 2022,65k
banjarmasinpost,Banjarmasin Post,199k,227,August 2009,230k
Arfannn1,arfann,18,102,March 2018,6843
selputtt,Sheila,451,91,August 2022,1596
indotodayid,indotoday.id,9,1,August 2024,274
InfoJogja1,SamiHarjo,56,126,June 2020,4903
frengkisin75095,frengkisinaga,49,56,July 2023,360
SayaSatpol007,Damnput_,33,145,October 2021,3783
ayraamira897730,Ayraamira85,22,11,January 2024,1423
JHPrabowo,Jehape,1817,1281,June 2010,142k
sjuliarso1,deOne,50,133,June 2015,1206
wibisonoys,Js wibis,228,251,December 2022,10k
tempodotco,tempo.co,2.3m,18,December 2008,1.4m
overheartache,Sja,283,1144,January 2019,16.1k
AsanaAdelina,Adelina asada,30,0,October 2023,445
Jessykayla_,Jessy kayla,2,0,October 2023,409
LaToLaToMe,latolato,477,490,July 2022,14.4k
krishnayana95,Mangbagus,577,1392,January 2011,68k
herulampard,Heru Lampard211,86,129,February 2013,1353
dannyshidayat,A Dan,370,939,January 2011,37.2k
Halimah22495046,Halimah,113,657,July 2024,11.3k
geearasy,gee arasy,127,367,October 2019,5209
sentanudan,KIR DOM,3,13,June 2024,374
iLovesJongseong,eyew,37,26,December 2015,
ApriliaLin,Aprilia,31.5k,1436,February 2017,136k
caknur1414,Cak Nur,11.3k,587,February 2018,16.2k
Parhobas273793,Parhobas,2,87,July 2024,1016
Hermant53851153,Hermanto,41,402,September 2017,6274
Dewimaulida_dd,Dewi maulida ,2,0,July 2022,471
Anitafitr,Anita fitria,16,57,July 2022,508
Skolastikawinta,Skolastika Winta H P,442,541,September 2009,19.9k
BFbu88,FB,1037,998,December 2022,14.3k
notonlyrip_,shiraiiRyuu,71,74,September 2023,503
sekilasterkini,Sekilas Info Terkini,3,0,January 2024,798
ota_bibar2,Ota Bibar,465,454,December 2022,7123
sgits1,Nebeng Ah,13.6k,7959,February 2017,19k
muhamad_do74302,Donny Muhamad ,63,202,July 2024,121
Nyi_Maheswari,Nyi Maheswari,13.2k,9076,May 2019,31.3k
mymaymar,maymar,32,26,March 2024,7610
jesselnik,Jang Huisoo,116,125,January 2020,11.9k
Carbaroxabane,Tokyoto,150,253,April 2023,13.5k
bbintang30,Bintang 143,246,310,December 2021,1755
Dea_twiterparma,Dea News,164,615,May 2013,5276
streetw88889292,aulia napitupulu,75,360,March 2023,1625
yulita_hani,Hani yulita,4,0,Juky 2022,480
Bagas_sakt,Bagas,2,0,July 2022,475
agent_pin,Indonesia,291,363,July 2012,19.8k
Bimoabraham1,Bimo abraham,15,47,July 2022,517
Adhi_Faiz,Tb. A. Adhi R. Faiz,1382,1349,April 2010,31.6k
baringin123,bn,170,1031,November 2013,1487
Rahmiaulia_sa,Rahmi aulia,2,0,July 2022,456
Ihsan_nnnn,Ihsan,4,0,Jully 2022,497
Krisnanto45,Krisnanto,12,55,July 2022,543
QunaiAnajay,Qunai Anjani,18,0,April 2024,290
jakpost,The Jakarta Post ,963k,13,August 2009,295k
elisrmdhnii,Elisa Ramadhani,12,0,April 2024,329
Pranata12Aldi,Aldi Pranata,4,0,October 2023,552
AmaraKirana45,Amara Kirana,6,0,October 2023,557
reprlien,dpregy.,1736,1618,April 2020,100k
TongSerdadu45,serdadu.negara,18,56,May 2024,887
fahmisptra,Fahmi Saputra,12,0,April 2024,328
AlyaSafira123,Alya Safira,7,0,October 2023,556
JARING_,Jaring.id,4262,182,September 2015,4538
bimarmh,Bima Rahman,13,0,April 2024,323
ngrhrmdh,Nugroho Ramadhan,13,0,April 2024,322
amara_lestari3,Amara Lestari,6,0,October 2023,565
Manda7Resti,Manda7Resti,20,0,April 2024,302
gitasraii,Gita Sari,22,0,April 2024,323
AdiSaputr4a,Adi Saputra,1,0,October 2023,562
syzwz,Kang DS,710,204,March 2009,43k
Arifin88544640,Arifin,55,365,June 2021,3743
cakgondrongss,cak dim.,4219,3376,July 2015,182k
abdulraihannn,Abdul Raihan,7,0,September 2023,537
HaniAmelinda,Amelinda Hanifah,24,0,July 2023,716
RadioElshinta,Radio Elshinta,"3,6m",11,March 2010,"1,5m"
antaranews,antaranews.com,1.2m,162,December 2008,935k
LianiAlya50,Alya Liani,26,0,July 2023,656
keuangannews_id,Keuangan News,110k,69.6k,February 2020,98k
AmandaSophi44,Amanda Sophia,8,0,July 2023,577
arm_657,Arum Indahsari,14,65,September 2012,154
windfall03_,connie,4,137,October 2009,575
ntvnewsid,NTVNews,142,4,February 2024,14.9k
tamy_pratamaa,Tamy Pratama,2,40,August 2023,326
Arif12Abdul,Abdul Arifin,25,0,July 2023,705
joharihara99308,Hidup Ujian,6,29,March 2024,906
fratamelia,Amelia Fratini,28,0,December 2023,382
lensaRTV,Lensa Indonesia RTV,9711,306,March 2014,52.7k
Lenimar_rrr,Leni marlina,4,0,July 2022,499
Hendri_iiii,Hendri,2,0,July 2022,444
aslama_kiara,Aslama kiara,6,30,October 2023,395
mawardinurullah,#ArahSejarahBaruIndonesia,543,462,January 2012,27.6k
cursingword,poison ivy,5151,2683,July 2013,35.6k
Mauwindong_4h4,Mak_reseh(bukan kunti ketex burik),1681,2650,January 2024,15k
AyuBlossom1,Ayu Blossom,558,29,March 2022,14.1k
pakmul63,Mulyanto,8467,875,December 2017,10.1k
ndeso_ganteng,DenBagus_Ario,383,591,February 2016,6655
IrfanSofani,Ipang,616,113,November 2009,7318
HafiezSayi92933,Hafiez Sayid,42,70,January 2024,10k
rejekikusugih,manusia di sela bait cuitan,6,1,August 2019,1965
dwiputeraa89334,reno,1,5,June 2023,226
NandiaLika,Nandia lika,2,0,October 2023,427
Bossen20998440,Bossen,74,535,April 2021,1113
okezonenews,Okezone,1.8m,61,June 2009,2m
AchmadArif71913,Achmad Arif,0,12,May 2024,33
Franken_blues,Brigadir JM,17k,8389,September 2020,45.2k
Sir_Rudi08,Rudi sirait,1309,1332,January 2024,421
kompastvjateng,KompasTV Jateng,134,17,June 2015,3213
hanifraffi32,Kang Copier,406,821,December 2017,4267
reno43467668,reno,97,86,November 2019,20.2k
StevanFirman15,Firman Stevan,135,68,February 2022,2938
KasanBaret,Kasan Mulyono,2305,1825,July 2017,27.6k
goku_itzwokey,Son Goku,33,184,November 2023,3238
xannn08,xandy,24,262,March 2019,1539
wacanantt12,wacana ntt,172,179,January 2023,2051
penjaga_kampung,PenjagaKampung,4,15,August 2024,993
LrandraRika,Lrandra rika,0,0,October 2023,439
didienAZHAR,Syafruddin Azhar,28.2k,871,September 2010,998.7k
awank2017,Mas Suwoto,15k,9166,September 2017,34.4k
igundalbo,Igun d'Kusmin,1149,1607,May 2009,2982
KodePos_,Indonesia,2161,468,March 2012,12.4k
ErikS_2601,Erik67,216,252,May 2021,27k
AndreaShafa,Andrea Shafa,5,16,September 2024,348
Udinsam_dua,udinsam_dua,1848,1682,December 2022,43.2k
edwin_win17479,edwin win,5,135,October 2023,566
Anxphroditeim,urQuinn,2027,1927,September 2012,16.2k
ngopibareng_id,Ngopibareng.id,363,9,August 2020,82.7k
rikywolf444,Riky Wolf,30,75,August 2022,2267
asa_rahadi,Immanuela Asa Rahadini,64,258,August 2021,712
WisanggeniLagi,Wisanggeni,935,762,November 2023,6505
Simanjunta9Nico,Nico Simanjuntak,1699,820,November 2021,33.5k
JuhanaKosim1,Juhana Kosim,315,885,December 2022,3069
ImamBaihaqiBai2,Imam Baihaqi Baihaqi,65,143,May 2021,6418
angen79,ahista,3,21,December 2020,1312
alviansyah2_6,Cigarettes After Mangan,40,89,October 2019,9402
CristinFura,Cristin fura,2,0,October 2023,438
leterus_saka,Leterus saka,10,31,October 2023,358
teaterutankayu,Teater Utan Kayu,1861,30,May 2017,749
LFajjar,LFajarr,1018,831,November 2021,1939
KangAnfield8,Hasan P. Shelby,648,3804,September 2012,95.5k
Presiden_SUHAIL,zain71,38,189,January 2015,3186
kantahkablutim,Kantor Pertanahan Kab. Luwu Timur,422,143,April 2013,3883
Rajka_aaa,Rajka,18,0,July 2022 ,512
Renaldi_nho,Renaldi,5,0,July 2022,452
golkarpedia,#GolkarSolid,3040,161,April 2016,43k
Suhardy27,Suhardy,19,53,July 2022,548
FirmanSentosa22,,1291,5555,December 2022,47.9
IreneJuni_,Irene,3349,2885,October 2020,93.4k
tunjungutomo,tunjung utomo,955,1083,April 2010,35.5k
FurqanIbr64677,Furqan Ibrahim,1033,710,June 2023,99.8
CahyoAbang,AbangCahyo,62,49,February 2021,408
southixre,yooooa,192,38,July 2012,3151
koran_ii,Info Indonesia,27,41,January 2023,634
syeikh_fazza,Syeikh Fazza,117,277,February 2018,2008
rose280688,rose,0,8,August 2024,24
InaBtn,Ina.btn,8,92,July 2022,4908
ad_pur1to,Korban Mulyono,147,375,September 2009,5439
RomitsuT,Romitsu Top,38.4k,9916,September 2018,59.5k
MitaMit17389076,tumirah,16,78,March 2023,196
loopseey,loopless,207,634,January 2023,21.6k
sur83276,Saptono Suryantoro,2,15,April 2023,1031
Rriskand,Riskand,763,241,December 2013,47.7k
Untuk_Pelupa,Corruption Consultant,3009,3009,October 2023,3489
online_politika,Redaksi Politika Online,1,13,November 2022,71
sera_tuyo,tuyo_sera,407,739,July 2019,2147
Ayah_angga_,AYAH ANGGA79,1584,1829,August 2018,10k
zamagi17,Zamagi,69,323,December 2013,7129
madritd,sena,112,74,August 2023,14.2k
kumparan,kumparan,1.1m,3,July 2016,1.1m
BattoAjax,Batto,1963,1398,October 2011,40.8k
Marimar_Aauw,Unit Gawat Djodoh,13.5k,1490,August 2020,76.2k
LaingenLisa,Lai,13k,11.7k,October 2013,431.3k
maxwalden_,Max Walden,23.5k,2007,May 2014,74.4k
samhugget,coco,9469,2296,May 2014,186.7k
Zulfalesta,Zulfa lestari,12,47,July 2022,533
Catatan_ali7,CatatanAli7,28.7k,7288,May 2019,346.5k
Lembayung071,Bunda CNHYE,12.2k,6958,February 2020,64.3k
yossrsro,Joseph Rosario,14.8k,2034,July 2017,31.1k
aikacipung88,felixthecat,3,2,September 2024,107
gbrieled,.,179,335,August 2019,3879
SaktiKH,XPLUS,411,44,March 2022,1560
urfate__,RAKYATNYA FUFUFAFA,57,181,April 2020,1177
dekiikantata,Mr. X,38,3,August 2014,4814
yangmi3prnew,Tri Putri R.,14.3k,10.4k,June 2022,24.8k
Raihan_nnnn,Raihan,4,0,July 2022,489
Omayo206,Omayo,6,0,July 2022,434
AnnaYellowHeart,AnnaYellowHeart,12k,8220,December 2010,585.4k
joekampret1,joe kampret,768,1030,February 2012,27.7k
agelmeip,don pablito,354,604,February 2010,13.7k
degnartse,Nick,333,288,November 2010,32.7k
officialinews_,iNews,433.3k,1,April 2010,266.8k
ScioCogitoCredo,ScioCogitoCredo 2,2327,2595,November 2021,37.7k
Bud_Cavalera,Maling Cundang,388,554,January 2013,16.4k
tlabubu,BELAH DUREN DOOD,445,5,September 2024,72
madrid_jkt58,MadridLover,106,217,October 2009,13.5k
m1racleishere,m1racle | Cryptorize,458,203,October 2021,9441
nawacitamedia,Nawacita.co,3679,481,April 2015,29.3k
Darma296,Darmawan Darmawan,64,232,February 2023,308
nawacitadotco,Indonesiaku,425,389,August 2013,23.1k
otnielpa,OTKLMB,119,155,April 2012,755
WulanNaya8889,Moelannah888,8,15,January 2023,1924
CNNIndonesia,CNN Indonesia,4.4m,12,November 2008,8467
ufuffufff,ganti nama dulu,4249,4746,June 2019,28k
CsiWahyu,WahyuCSI,16,28,March 2019,601
DynamicFPL,FPL's Dynamic 7,157,716,October 2022,4667
nawabinekanews,NawaBineka,200,1,February 2024,2584
JosuaLond33540,"Manurung, Josua Lond Kevin",0,5,December 2023,36
WartaEkonomi,Warta Ekonomi,34.5k,2170,April 2009,461.4k
KanalDesa,Kanal Desa,129,8,October 2021,1487
lania_kiara,Kiara lania,10,30,October 2023,330
ArtiaMara,Mara artia,1,0,October 2023,426
ulanbatori,ulan,3,29,July 2024,2618
AJBJrengUhuui,Andi Junianto Barus,71,487,November 2023,64
tri_nugie,hei it's me,49,61,April 2014,5308
MondrianOm6762,Tuanku Rimbang Alam,89,220,August 2024,812
NiaraAryani,Niara aryani,1,0,October 2023,418
edelin_zeze,Zeze edelin,10,30,October 2023,337
m_try,try_hadi,45,88,July 2009,2892
vannav___,Vanna,95,209,December 2021,842
xkusut,it's nue,179,179,March 2012,1330
GrabID,Grab Indonesia,615.3k,17,February 2014,531.7k
AmaluddinSSili1,A. Silitonga,2016,1885,December 2022,21.5k
portalinfomase,infomase,622,2150,May 2022,24.1k
ipul_ipulll,IPUL,153,306,May 2019,14.1k
BBCIndonesia,BBC News Indonesia,1.7m,433,March 2009,116.3k
Dialognews_id,Dialog Media Nusantara,9,40,June 2024,474
voilananditya,Vo_99,0,11,August 2024,379
afrisudedi,afri sudedi,59,3,July 2012,791
liktono,Eswit,19,64,January 2011,3905
proterozo1c,,292,509,November 2018,21.1k
dedifir30803641,dedi firdaus,2,2,April 2017,7523
SulaimanJati1,Sulaiman Jati,3,18,December 2015,54
Antara_Kalteng,Antara Kalteng,6308,858,April 2014,168.3k
peanutkacang123,PeanutKacang,0,19,November 2021,787
RohiminSamuni,some ome,1069,1328,December 2022,11.8k
SEAsianLass,nina,623,1260,September 2022,50.3k
NyaiiBubu,Bebeb Bubu ,34.2k,11.8k,January 2020,191.6k
soloposdotcom,Solopos,66.2k,29,June 2010,580k
DoodsDuren,DOODS DUREN,344,109,September 2016,251
indigo_cumicumi,cumicumi.com,169,21,June 2023,19.4k
web_bogorkita,BOGOR-KITA.com,1342,1086,May 2010,33.6k
aVoiceinCrowd,Alif Fathah,1074,1334,October 2013,16.7k
KapanLagicom,kapanlagicom,2m,2171,April 2009,517.3k
henman_yandi,Yandi henman,13,56,July 2022,539
Irpan_rul,Irpan ruli,4,0,July 2022,499
faridaria_ria,Farida ria,2,0,October 2023,430
Rikaeka_,Rika eka,8,31,October 2023,391
aliffiazzhr,Aliffia Azzahra,20,0,December 2023,377
RahmahAmel81151,Amelia Rahmah,9,0,December 2023,372
0ctoberR1,carli,1839,1390,September 2021,49.5k
ggranisah,Anisah Anggraini,24,35,November 2023,590
melrhmah,Amelia Rahmah,31,0,December 2023,374
fajaronline,fajar online,65.3k,103,November 2009,383.3k
SonoraFM92,Radio Sonora Jakarta,316.7k,157,August 2010,905.4k
rezapin1234,Reza,6,57,April 2023,1158
rie_sang,Hanya Islam din di sisi Allah . Akun ke 2,745,999,March 2019,23.9k
alvanurgrhaa,Alva Nugraha,23,0,December 2023,369
MarahIchsan,MarahIchsan,21k,13k,November 2016,157.4
80R35,K4C0NK 80 R 35,60,374,May 2022,12.9k
JoPermadi,Jo Permadi#koppignwa,585,954,June 2009,43.1k
maricakesini,nek,60,144,September 2020,6417
alfinahmid,Alifina Hamidah,22,0,December 2023,375
annasyavalenia,Annasya Valenia,22,0,November 2023,383
adelinebiancaa,Adeline Bianca,8,0,December 2023,375
liputan6dotcom,LIPUTAN6,4.6m,692,June 2009,1.5m
AliaaDewi2,Alia Dewi,23,0,November 2023,409
AlmiraZaki41,Almira Zakira,7,0,December 2023,414
rairakasurya,rairaka,107,647,May 2014,1854
aliamarshandaa,Alia Marshanda,9,0,November 2023,408
wlalvina,Alvina Wulandari,19,0,November 2023,423
ptrairaa,Aira Putri,17,0,November 2023,418
hafizdbz,Abdul Hafiz,14,0,November 2023,419
BellaFelani614,Bella Felani,248,2146,September 2020,109.4k
AlishaKenza,Alisha Kenza,0,0,September 2023,520
Mustafa53436730,Mustafa Karim,2,24,July 2022,6
AmaraSalsh43,Amara Salshabila,4,0,September 2023,524
ATazania123,Almira Tazania,1,0,September 2023,522
gyuranosaurus,tyaz,1084,1152,July 2024,23.2k
albarkhair33,Albar Khair,4,0,November 2023,411
jisnopal,aziz,125,217,June 2012,1725
alinanaminah,Alina Naminah,3,0,November 2023,415
menit_indo,Menit Indonesia,738,607,November 2016,5431
AdeliaN9_1,Adelia Naqiyah,20,0,November 2023,419
AlmiraDinan09,Almira Dinan,16,0,August 2023,633
AlzenaKhad2,Alzena Khadijah,23,0,August 2023,637
disaugusting,sambaladow,473,134,May 2010,244.1k
abbasabrhm,Abbas Abraham,10,0,November 2023,431
DaraBudiman,Dara budiman,12,46,July 2022,542
youngjaekarta,,9,21,August 2024,5631
zathijaudaun,Nurkholis Majid,209,1340,December 2014,11.9k
Wulandari5S,Wulandari5Siti,34,0,April 2024,280
aishainkaa,Aisha Inka,13,0,April 2024,145
gnossips,KAZU.,648,78,July 2017,161
zayanacha,Acha Zayanah,21,19,November 2023,462
IntanNasari5,Nasari5Intan,25,0,April 2024,281
Harry6Pra,Harry6Pratama,25,0,April 2024,279
dionstwnn,Dion Setiawan,38,0,April 2024,285
Priti8G,Priti8Gisela,27,0,April 2024,296
geamlsha,Gea Melisha,38,0,April 2024,290
aksara_putra52,Aksara Putra,35,85,July 2022,5697
kmalprtma,Akmal Pratama,38,0,April 2024,289
DANAUBERITA,DANAU BERITA,53,112,January 2023,6840
GalangMaulih,Galang Maulana,23,0,April 2024,286
OSanjaysa,Ozan Sanjay,20,0,April 2024,282
riadi_usmami,Usman Riadi,21,0,April 2024,284
MJontrot,Mat Jontrot,54,177,November 2023,6030
GalihTikotak,Tiko Galih,23,0,April 2024,284
DilaranaJaye,Dilarana jaye,1,0,October 2023,421
SMulachelalu,Sahid Mulachela,21,0,April 2024,282
fitridwee,Fitria Dewi,16,0,April 2024,325
donistdi,Doni Setiadi,15,0,April 2024,327
diansptnii,Dian Septiani,14,0,April 2024,336
adestwna,Ade Setiawan,19,0,April 2024,306
voicetangguh,VOICE OF TANGGUH,294,283,June 2011,6244
cvdeico,,465,635,November 2014,2863
sariftria,Sari Fitriani,19,0,April 2024,309
BincelSpeed,bincel speed,0,1,August 2024,9
Resti3Wulandari,Resti3Wulandari,26,0,April 2024,296
Hendrana5Ro,Hendrana5Roma,25,0,April 2024,292
Julieta6Nasari,Julieta6Nasari,11,0,April 2024,295
Hendrik66752917,Hendrik Kurnia,783,1335,March 2020,22.7k
Faiz1Harry,Faiz1Harry,13,0,April 2024,296
Suci8Priti,Suci8Priti,18,0,April 2024,296
putrakseyna,Putra Akseyna,1,0,April 2024,296
yudhirwn,udhi Irawan,238,236,March 2011,14.8k
ApriliKiarra,Kiara Aprili,20,0,April 2024,293
AstutyTutt,Tutty Astuty,22,0,April 2024,289
GoStelindo,mustang ,206,437,June 2015,13.7k
pramonno4,Aji Pramonno,0,0,December 2023,346
AnandaAmal6,AnandaAmalia,0,0,December 2023,349
aillemamel,amel,644,537,December 2018,13.8k
ramadhani_46166,Aisha Ramadhani,23,54,December 2023,371
noldylong,Noldy,122,696,July 2016,1539
ebe_ganzo,ÈBÈ,19.5k,4354,October 2021,66.5k
HendZiddane,Hendro Ziddane,221,677,March 2023,8845
Kilat_com,Kilat.com,9922,1,August 2010,33.7k
tedisandra78,300m,38,49,November 2023,1788
aga_mestika,Pecatur Medioker,213,294,September 2011,3661
AanJuan23733426,Aan Juanda,1,42,January 2022,163
arum765451,Sekar Arum,0,58,September 2024,285
Diniwah9,Dini wahyuni,7,48,July 2022,454
NimaSintia,Nima sintia,13,0,July 2022,502
Nevertarivivi4,Nevertari vivi,2,0,July 2022,449
HariSuwondoSug2,Belajar Baik,26,134,October 2021,3331
alekda,Taurooster69,759,1098,January 2011,33.5k
Monikanihil,Monica Rahmawati,96,106,August 2023,1924
dinoridgid,Raka Bin W N,823,731,March 2020,29.6k
RickyNe64216845,siantar,13,59,December 2022,1583
kpukabsumbawa,kpusumbawa,1295,350,August 2016,1403
EdiKeceput2,Edi Keceput 2,1501,1211,May 2022,36.9k
plnup3pbun,plnup3_ pangkalanbun,2,2,March 2024,259
KSPgoid,Kantor Staf Presiden,346.1k,127,September 2016,52k
kanimbatulicin,antor Imigrasi Kelas II TPI Batulicin Official,273,75,September 2018,9220
nisha_ryza,Nisha_ri,2,9,September 2022,460
lapaskediri,LAPAS KEDIRI,6,19,September 2022,2660
electrizen_bone,Electrizen Bone,12,30,March 2024,613
KemensetnegRI,Sekretariat Negara,712.5k,166,September 2015,40.6k
electrizen_dum,electrizen_dum,6,1,March 2024,550
heralddotID,Herald Indonesia,275,0,September 2023,28.5k
electrizen_kph,Electrizen Kepahiang,1237,21,March 2024,576
Jtzen_MLG5_jago,JTzen KotaMalang 5,33,9,February 2023,1162
1404Stj,Abdi NURU,91,20,September 2019,25.3k
tvOneNews,tvOnenews,9.8m,50,July 2009,494.3k
electrizen_mbr,Electrizen Mamberamo,2,2,March 2024,595
ElectrizenSiak,Electrizen siak,3,2,June 2024,413
Puspen_TNI,Pusat Penerangan TNI,521.3k,134,May 2012,57.6k
NegeriSinjai,Kejaksaan Negeri Sinjai,12,75,November 2022,582
bumnpwtjitu,BUMN PURWOKERTO Jitu,135,56,August 2021,4122
kalimantan_satu, Kalimantansatuofficial,14,9,August 2023,1414
CiledugBocah,bocahciledug bocahciledug,0,14,September 2024,210
AxelHalilintaar,Axel Halilintar,0,22,September 2024,208
JakselElectriz,Electrizen Jaksel,0,14,August 2024,262
josephkenedy999,joseph kenedy,8,4,March 2023,907
atomichabits31,atomic habits,9,3,March 2023,901
IvanIvanrt,ivan sandi,10,6,March 2023,890
electrizen_jkb, electrizen_jakbar,21,16,March 2024,654
electrizen_ksu,electrizen_kepseribu,19,22,March 2024,633
electrizen_jktp,electrizen_jakpus,22,18,March 2024,634
electrizen_jkr,electrizen_jaktim,19,21,March 2024,632
Black_Hunter_9,Barisan Merah Putih,26,48,November 2023,3729
electrizen_tpg,Electrizen Tanjung Pinang,42,1,March 2023,1266
BumnPmkJitu,BUMN_Pamekasan_Jitu,157,83,August 2021,4221
electrizen_tim,Electrizen Timika,1,1,March 2024,640
Andra89996910,Hendrick,85,344,December 2020,1812
electrizen_mnk,Electrizen Manokwari,35,30,March 2023,1316
bumn_srby_beda,bumnsbybeda,33,49,November 2022,1387
Bulog_Sarko,BUMN_Merangin_Hebat,130,38,August 2021,2343
electrizen_mpwh,electrizen_mempawah,5,4,March 2024,580
herry_zudianto,kang herry z,35.7k,717,July 2010,25.4k
sawahanpol10,Polsek Sawahan Nganjuk,43,59,April 2023,3076
bumnkndri,BUMN Kendari Jitu,24,38,December 2022,1365
electrizencjr,electrizen_cianjur,3,1,March 2024,602
AbdulJaya404,Abdul Jaya,23,0,Jube 2022,1324
jordi_danny,Danny Jordi,10,5,June 2022,2022
Electrizen_Pbun,Electrizen_Pbun,0,0,March 2024,557
BumnKeduHebat, BUMN KEDU HEBAT,21,14,January 2023,1407
Bumnjakartaa2,jakarta2,0,1,September 2024,142
cindy_cendani,Cindy Cendani,2,3,May 2023,246
uipjbtb74688,komunikasi uipjbtb,0,1,July 2024,164
dimazirawan53,Dimaz Irawan,1,13,November 2023,1217
BUMN_Kaltim_Hbt,BUMN_KALTIM_HBT,10,15,January 2023,1260
elctrzn_barito,Robi D. Ekat,4,4,February 2024,587
alma_maidah,Alma Maidah,1,22,July 2023,263
nuri_yamati,Nuri Yamati,3,32,September 2023,193
sadiya_humula3,Sadiya Humula,0,16,August 2023,384
fatia_lita2596,Lita Fatia,1,15,September 2024,148
rahmat_hdyt34,Rahmat Hidayat,1,16,July 2024,230
abdul_muali18,Abdul Muali,0,23,September 2023,273
Electrizenpngg,Electrizen Pinrang,2,2,April 2024,585
bulogrengat6,BumnRengatHebat,2,16,June 2023,1085
dianley27,dian hermansyah,9,9,October 2014,316
thepajajaranidn,The Pajajaran Indonesia,7,2,August 2023,142
el_krova,oposanne_PRABOWO,3509,5053,August 2010,7103
BUMN_BLMG_Hebat,BUMN_BolaangMongondow_HEBAT,119,157,August 2021,1825
SBaigin,Syafriadi Baigin,99,209,December 2022,3690
BUMNNatunaHebat,BUMN_Natuna_Hebat,60,32,September 2021,736
bumnmadiunjitu7,bumnmadiunjitu,12,7,December 2022,1424
PrimaVardhana,Prima Sp Vardhana,2100,2863,August 2009,24.5k
jkt_inovatif,BUMN_Jakarta_Inovatif,3,11,June 2024,275
Electrizen_pare,electrizen parepare,4,30,March 2024,612
rasa2086,Entien Ajach,4812,2857,August 2020,50.1k
electrizen_krny,Electrizen Karanganyar,95,10,March 2023,867
Electrizenckp,electrizen_cikupa,1,1,July 2024,303
electrizentegal,electrizen_tegal,8,15,March 2022,565
electrizntmgg,electrizen_temanggung,285,15,March 2023,850
moneytalkidn,moneytalk.id,9,27,April 2023,147
electrizen_byw,Electrizen Banyuwangi,321,1,February 2024,561
electrizen_pci,Electrizen Pacitan,505,3,February 2024,569
Plners_Atmb,Plners_atmb,166,35,March 2022,413
plners_piru,plners_piru,79,168,February 2012,3753
RiskyOktarina,Risky Oktarina Putri,24,29,March 2021,748
bumncirebonadil,BUMN_CIREBON_ADIL,63,130,November 2022,1359
pustakampr,Perpustakaan MPR RI,788,73,April 2015,441
erakinimedia,erakini media,47,18,June 2023,15.9k
Dogelkarya76_82,Ayah_e_Faiq,115,361,August 2023,6306
EnggarJ5,J5,2,0,June 2017,84
sukiy577,Suki Ya,34,17,August 2022,1697
bumnlbkhebat,bumn lbkhebat,44,49,January 2023,1409
bumnsolojituu,BUMN SOLO JITUU,95,22,August 2021,2282
disnakertransss,DISNAKERTRANS SULSEL,16,8,September 2023,9001
MusikKL,Musik KapanLagi.Com,27.1k,379,April 2011,63.6k
budiwaluyo6366,Brambang Goreng,63,409,October 2015,942
93t93s3,Nicholas,3,18,July 2016,102
trimis76222147,trimis,55,191,February 2018,6891
electrizen_mrb,Electrizen Muara Bungo,14,54,March 2024,579
beritajatimcom,beritajatim,27.2k,346,February 2009,496.3k
YellowSOG,"Nemangkawi Yes, Cartensz No",57,154,December 2022,1479
BumnPwtSigap,BUMN.Pwt.sigap,164,29,September 2021,5216
JtzenJagoMalang,JTzen Malang Jago,0,3,September 2024,492
ppid_ptasmd,PPID PTA Samarinda,2,3,January 2024,401
ptasmd,PTA Samarinda,114,45,August 2021,1502
kanim_tasik,Imigrasi Tasikmalaya,187,158,April 2017,5330
bumnjktsiaga,Bumnjakarta Siaga,58,36,October 2021,1642
bumn_mks_kuat1,BUMN Makassar Kuat,14,27,January 2023,303
KompasData,Kompas Data,11.1k,106,August 2012,58.9k
hariankompas,Harian Kompas,1m,270,February 2011,357.9k
BumnMlg13,BUMN_Mlg13,34,237,February 2023,984
BUMNKrwng_Beda,BUMN_KotaKarawang_Beda,204,335,August 2021,2309
mojosc6,,85,144,July 2015,120
bumnmanadohbt,BUMN MANADO HEBAT,1,1,September 2024,89
gxjdvh79,,165,276,July 2015,123
bestingirv31,,139,256,July 2015,121
ulsfxel5059,,102,160,July 2015,126
rkanvytae355,,120,253,November 2015,122
everzyone,jiar,76,116,April 2017,1141
Electrizen_mlg,Electrizen Malang,1333,8,March 2023,1300
Yayiggg,Yayiggg,157,211,March 2023,1660
EldenNadin,Elden,266,367,October 2022,2264
AmaraZoe5,Amara Zoe,170,248,October 2022,1617
ArunaKhanza,Aruna Khanza,154,262,October 2022,1672
Sunshinee2001,Sunny,126,227,October 2022,1607
CherinBloom,Cherin,124,173,March 2023,1515
Rizkypyk,Kiky,145,212,March 2023,1725
Vitavityy1,Vitavit,124,166,March 2023,1574
helpdesk_masohi,RUTAN MASOHI,56,61,July 2021,1215
jamie_over74084,JamieOverton,27,248,April 2024,264
SampitBUMNHebat,BUMNSAMPITHEBAT,59,184,January 2023,1470
Masatoe_VIP,𝙋𝙏. 𝙈𝘼𝙎𝘼𝙏𝙊𝙀 𝙑𝙄𝙋 𝙍𝙀𝙉𝙏 𝘾𝘼𝙍,1,16,June 2024,24
KemensosRI,Kementerian Sosial RI,415.4k,172,November 2014,20.7k
npytasr,novita Sari,0,1,October 2024,26
RCTIPlus,RCTI+ SuperApp,68k,200,April 2019,43.5k
OfficialGTVID,OfficialGTVID,670.6k,1432,October 2009,163.5k
himahiunpad,BPH Hima HI FISIP Unpad,87,6,May 2024,64
OfficialRCTI,RCTI,3.5m,306,September 2010,227.1k
electrizen_clp,electrizen Cilacap,4,1,March 2024,592
bulanbiiru,2024 barokah,463,236,October 2018,3790
BUMNRAHAHEBAT,BUMN_RAHA_HEBAT,55,63,August 2021,631
pt_ppk,Kuala Tanjung Industrial Estate,23,22,February 2019,528
PLNers_Paser,PLNers Paser,9,10,March 2024,560
jayapurajitu,bumnjayapurajitu,3,3,October 2023,372
AniSulaeha76658,Ani Sulaeha,0,24,February 2024,26
electrizen_yyk,electrizen_yyk,50,9,March 2023,1315
ChecheyiiS,J,2,0,June 2017,90
waingapuhebat,BUMN_WAINGAPUHEBAT,138,121,September 2021,1349
ftacenter_jkt,FTA Center Jakarta,715,246,May 2015,3849
nyonyayunho94,nyonyayunho,199,180,July 2024,306
bumnskwhebat,BUMNsingkawanghebat,3,4,September 2022,1217
pnm_kdr_gagasan,PNM_KEDIRI_GAGASAN,5,1,May 2024,158
TelkomIndonesia,Telkom Indonesia,154.3k,143,October 2009,49.8k
PNM_TLG_GAGASAN,PNM_TULUNGAGUNG_GAGASAN,5,3,May 2024,198
N21820Garuda,SuaraBersama,64,2,April 2024,127
Siwas_Pessel,Siwas Polres Pessel,3,4,November 2022,1345
BUMNGUSITJITU,BUMN GUSIT JITU,66,30,August 2021,1231
BSSN_RI,#JagaRuangSiber,207.1k,130,October 2012,21.8k
KantahKabKlaten,Kantor Pertanahan Kabupaten Klaten,157,46,January 2015,4393
pikiran_rakyat,Pikiran Rakyat,476.9k,105,July 2009,546.2k
bumnbwihebat,BUMN Banyuwangi Hebat,104,40,October 2021,1992
Ambon_Inovatif,Bumn “Bumnamboninovatif” AmbonInovatif,3,13,June 2024,254
BUMN_KPSR_Beda,BUMN_KotaPasuruan_Beda,13,67,July 2024,303
pln_up3bjm,PLN UP3 Banjarmasin,5,16,May 2024,523
AndreRiver999,Andre River,3,44,March 2023,901
DroneEmpritOffc,Drone Emprit Official,1746,37,May 2024,758
bnnkpontianak,BNN Kota Pontianak,464,9,February 2021,1370
BUMNJABAR_HEBAT,BUMN JABAR HEBAT,45,56,January 2023,4386
Bumn_oku_hebat,Bumn_oku_hebat,113,43,August 2021,1290
wolipop,wolipop,412.4k,107,December 2009,199.2k
Plners_pblgwani,plners_pblgwani,3,11,August 2024,265
bumnlabatuhebat,BUMN LABUHAN BATU HEBAT,2,34,August 2024,237
Itje157,Itje,243,773,July 2021,22.1k
are_inismyname,Laksmi,3935,643,July 2019,78.1k
Heryadi_007,Heryadi SE,67,221,April 2011,141
Jurnalpatroli_,JurnalPatroliNews,407,2037,March 2022,16.7k
infiddel,Senapati ing Alaga,501,694,January 2018,16.7k
sudana00,D@ng T270,18,42,August 2015,31
riekediahp,Rieke Diah Pitaloka,38.6k,2695,September 2016,1102
b_kondusif,humaspolsekberbek,4,15,August 2023,2764
portal_papua,PORTAL PAPUA,148,639,February 2022,2175
Watz1845,Wawat Kurniawan,3809,243,April 2021,8060
k_surakarta,Bumn Kota Surakarta Beda,23,46,December 2022,1991
bumnlahat2021,BUMN Lahat Hebat,58,61,January 2023,1314
bumn_jtghebat,bumn_jtghebat,7,120,December 2023,848
alineadotid,Alineadotid,558.4k,6,August 2011,105.8k
XHIndonesia,Xinhua Indonesia,61.3k,0,July 2015,132.2k
BUMN_CRBHebat,BUMN_Cirebon_Hebat,3,12,December 2023,783
Bungohebat123,M.BUNGOHEBAT,1,12,December 2023,263
HebatLampung,BUMN_Lampung_Hebat,101,25,August 2021,1413
NkriPtpp,PTPP untuk NKRI,0,0,January 2023,1229
bumn_kendari,BUMN Kendari Jitu,24,38,December 2022,1365
rayliraa1,rayshaa rayli,10,2,July 2024,1706
AfniOlivia,Olivia Afni,239,222,February 2021,5175
puanterbaik_,puanterbaik_,6,14,May 2023,2950
bulog_lsm,Bumn-Lhokseumawe Hebat,8,11,July 2021,669
BUMNLabajoHebat,BUMN_LabuanBajo_Hebat,72,132,August 2021,651
JktBUMNHebat,BUMN Jakarta Hebat,58,43,January 2023,1447
electrizen_gnms,electrizen_gnmas,1,1,March 2024,578
bumn_ktb_hebat,bumn_kotabaru_hebat,1,3,August 2024,407
BumnJktSigap,BUMN Jakarta Sigap,197,12,September 2021,4874
karyawannegara,Karyawan Negara,3,13,December 2023,110
bumnjitusby,Socmed Rangers Surabaya,2,2,September 2024,191
BUMNCirebonBeda,BUMN_KotaCirebon_Beda,134,68,August 2021,2288
lapas_jember,Lembaga Pemasyarakatan Kelas IIA Jember,219,115,February 2020,8448
asboediono_id,DANIEL  MARISSA and Us,13.6k,2560,September 2016,82.2k
bumnbonejitu611,bumnbonejitu,4,11,June 2023,801
RizalCania14819,Rizal Caniago,91,501,March 2024,808
BumnBermanfaat,Cirebon Bermanfaat,1,0,May 2024,277
utamanewscom,IG : utamanews,981,88,January 2013,109.7k
bumnplgjitu1,bumnplgjitu,5,8,August 2021,1681
pantaucom_,Pantaucom,14.9k,30,July 2020,5773
PolsekKelapaDua,Humas Polsek Kelapa Dua,189,11,October 2019,16.8k
dekade_08,DEKADE 08,3828,77,October 2022,8408
penrem071_wk,penerangan 071/WK,1207,18,March 2017,16.7k
amigoamigo69,Bukan_siapa_siapa,3,14,November 2023,585
Metro_TV,METRO TV,11m,33,July 2009,1.2m
BontangSkck,SKCK POLRES BONTANG,48,60,March 2022,1510
lucasdigitalidn,Lucas Digital Indonesia,5,0,July 2023,297
bnpp_ri,BNPP RI,854,77,April 2017,3458
Humasbtnunggal,Polsek Batununggal,0,1,October 2024,408
Starhitsid,StarHits,1.9m,161,October 2011,11.2k
Ipinmuach,Ipin,244,724,December 2017,39.6k
serambinews,Serambi Indonesia,113.3k,914,August 2009,341k
orthopaedi_,Orthopaedi Centre,0,3,June 2024,104
Electrizen_Lpu,Electrizen_lampungut,8,1,March 2024,554
kempanrb,Kementerian PANRB,603.3k,180,March 2013,19.6k
Mat16_16,INRI,61,0,November 2019,9971
Korem072Pmk,Korem 072 Pamungkas,4059,261,March 2015,39.9k
dewstined,markli,83,105,June 2017,1084
SetwapresRI,Sekretariat Wakil Presiden Republik Indonesia,58k,2,August 2014,5876
HastoSuprayogo,Hasto Suprayogo,1077,1203,April 2010,25.5k
weclfare,aruna,80,71,October 2016,1041
PolsekCwgResKNG,Polsek Ciawigebang,8,15,November 2022,2939
official_pipsmg,PIP Semarang,1654,63,November 2016,1487
multimediatala,Multimedia Polres Tala,6,0,February 2024,1177
POLSEKMMS2022,POLSEK IPUH,23,10,November 2022,6236
so_ritonga,Saddam Orbusti Ritonga,55,72,September 2018,1020
Rutanbajawa_NTT,Rutan Bajawa NTT,2,13,May 2024,147
Kemhan_RI,Kemhan RI,394.2k,315,March 2016,21.2k
bareksa,Bareksa,36.2k,62,November 2012,50k
polsekbinjaiti5,@polsekbinjaitimur,13,6,November 2022,2746
Polres_simal,Polres_Simalungun,141,725,October 2021,5167
isantoso95,isantoso95,3,9,October 2022,809
brimoblpg,Korps Brimob Lampung,136,40,February 2018,2161
BontangRes38862,Reskrim Bontang,1,28,August 2024,258
Hansunriko,Han,4987,4959,January 2021,21.4k
perwanidasby,KB RA Perwanida,12,14,September 2017,603
bontang_barat,polsek bontang barat,20,27,November 2022,2153
crewopini,a u d y,26,4,November 2022,1792
KsopSusu,djpl_ksoppangkalansusu,209,223,April 2018,1160
POLSEK_JOHAR,Polsek Johar Baru,27,51,August 2015,19.1k
PBappelitbangda,PPID Bappelitbangda,20,38,Sepptember 2023,1586
mkbetawi,Majelis Kaum Betawi,1804,823,January 2013,28k
himawan015,Himawan Ari Susanto,0,4,September 2024,20
DudiMaguire_76,Pangeran Adipati,821,2126,June 2011,14.8k
KalibagorPolsek,Polsek Kalibagor Polresta Banyumas,47,12,August 2020,6824
mailbucinreborn,Mail BUCIN is BACK,199,63,July 2021,1628
koramil07ngp,koramil 07 ngemplak,5,1,July 2023,1465
Sant_iani,Santi Ani,39,69,april 2022,507
HSangasanga,Humas Polsek Sangasanga,37,34,October 2019,13.1k
PLN_MCTN,PLN Mandau Cipta Tenaga Nusantara,3,2,May 2024,121
Mukhtar____,Mukhtar_9798,8,6,March 2022,538
PolsekPenebel,Polsek Penebel,425,49,November 2021,3402
camancher2012,Islam☆Malaysia☆Cats☆AnwarIbrahimMYPM,975,1820,December 2012,55k
BelimbingK77040,Belimbing sayur Karbitan,8,67,December 2023,843
kanalberdikari,Berdikari Online,28.5k,6,November 2018,34.9k 
ristanai_,RNA,288,139,May 2010,9529
polsekkutautara,Polsek Kuta Utara,411,2,April 2020,11.6k
bmkgwilayah2,Balai Besar MKG Wilayah II,15.5k,15,May 2019,21.5k
mascacak,Fakhriy ,594,4697,December 2010,10.5k
theiconomic,The Iconomics,2345,3365,September 2019,20.2k
NewsTasikcom,NewsTasikmalaya,196,17,September 2021,6053
Bisniscom,Bisnis.com,1.1m,64,March 2010,1.5m
ipoldotid,IPOL.ID,62,9,June 2021,2099
SektorSepatan,Polsek Sepatan,179,61,October 2019,13k
PAMojokerto,Pengadilan Agama Mojokerto,218,284,March 2021,1241
bidhumasaceh,Bidhumas Polda Aceh,926,41,April 2020,10.4k
HaltengPolres,Polres Halteng,7,7,January 2020,1878
CisaatKota,POLSEK CISAAT SUKABUMI KOTA,92,21,April 2020,8773
polsekpjb,Polsek Pajar Bulan Lahat,0,3,January 2024,721
silogindonesia,PT SEMEN INDONESIA LOGISTIK,38,0,July 2017,17
HajiHarryVini,Haji Harry,6,11,March 2023,1055
FebrianRama4,FebrianRama,18,46,February 2019,3883
YandiYarut,Yandianaaa,10,51,April 2020,1224
Polres_SWL,Polres_Sawahlunto,188,121,May 2020,9671
Polsektenggaro1,Polsektenggarong2@gmail.com,28,17,October 2019,2882
GedebagePolsek,polsek_gedebage,197,52,October 2019,3735
ps_rebo,Humas Polsek PS.Rebo,5,1,June 2021,7401
detikhot,detikhot,1.4m,170,April 2010,357.7k
titancubsnation,,134,50,September 2022,10.7k
fpkuinsa,fpkuinsa,87,5,June 2021,4382
HumasKotabaru,HUMAS POLRES KOTABARU,114,60,April 2020,3869
HumasPolsekJat2,Humas Polsek Jatinegara,76,10,April 2020,16k
PolsekPupuan,POLSEK PUPUAN,183,11,July 2020,2930
PolsekBaebunta,Polsek Baebunta,0,2,December 2023,804
boedymade,boedymade,4,31,May 2016,133
PpuPolres,Polres Ppu,496,41,May 2020,11.2k
POLSEKTGLL_15,POLSEK TEGALLALANG,39,113,April 2023,6237
HumasBaturiti,Polsek Baturiti,470,17,February 2022,5356
HumasCipayung,Humas Cipayung,764,325,May 2020,9140
HumasPolse41070,HumasPolsekCiracas Humas,4,1,September 2023,2150
inilahdotcom,inilahcom,364.4k,63,June 2009,117.3k
polsek_loakulu,Polsek Loa Kulu,18,5,October 2022,4644
PolisiSerpong,PolsekSerpong,19,8,May 2021,9431
balipuspanews,Balipuspanews.com,1769,155,November 2016,62k
SekNgronggot5,.SekNgronggot,37,22,October 2021,5513
HumasTambelang,Polsek Tambelang,198,98,March 2019,16k
aceh_linge,POLSEK LINGE POLRES ACEH TENGAH,70,66,November 2022,2592
Humaspolsekklk,Humaspolsek Klungkung,321,46,May 2020,12.7k
Polsek_tabanan,humaspolsektabanan,25,7,December 2022,2709
humasresmagetan,Humas Polres Magetan,299,87,July 2015,6349
KK_Mediatech,kabarkalsel.com,242,32,July 2024,439
Polsektgrsbrng,Polsek Tenggarong Seberang,27,3,July 2020,8108
PolisiPalemban3,Polisi Palembang,33,9,July 2021,2239
sumsel24,Sumsel24,52,7,February 2022,18.3k
PolsekWilangan9,Polsek Wilangan,229,227,March 2023,3265
PolseksilihNara,Polsek Silih Nara,29,16,November 2022,1832
AriTofiana83291,Ari Tofiana,0,1,June 2024,31
polsekciptimx,polsekciputattimurx,7,5,July 2024,1670
Humas_Respasbar,Humas Polres Pasaman Barat,319,90,August 2021,18.7k
Polsekwonodadi2,Polsekwonodadi1,64,87,March 2021,8452
Polsekcicendo2,Humas_Polsek_cicendo,893,1061,October 2019,8905
kipdki,Komisi Informasi DKI Jakarta,513,122,April 2016,1065
reskrimmahulu,Sat Reskrim Polres Mahakam Ulu,2,1,August 2024,196
polressolokkota,Polres Solok Kota,934,437,July 2017,2721
Polres_balangan,Polres Balangan,549,21,October 2016,21.1k
HumasResTernate,Humas Polres Ternate,404,230,January 2018,7682
M_PolresBanjar,multimedia_polresbanjar,161,41,October 2021,3866
PolresKepahiang,PolresKepahiang,368,128,October 2013,8777
Polsek_Kalmas2,@Polsek_Lk_Kalmas,3,12,October 2023,1842
KapolsekPwt,PUJI NR,2,2,November 2022,362
bbktm_sek_pkc,Agung BeWe,9,3,February 2022,5555
PolresBoyolali1,Polres Boyolali,154,24,August 2021,1766
polsek_clk,Polsek_Cicalengka,582,113,August 2021,7153
SiwasMahulu01,Siwasmahulu 01,0,1,August 2024,268
LantasKr_asem,Sat Lantas Polres Karangasem,227,20,April 2020,9898
Adri33493996,Adri_Rahes,4,5,September 2022,183
Polsekketol00,Polsekketol00,22,97,January 2016,1283
Wendra16609501,Wendra,3,10,April 2021,156
polsekbebesen00,PolsekBebesen,4,7,June 2018,2600
HPolsekponggok,Humas_PolsekPonggok,0,2,January 2024,1030
PolsekSaw1,Polsek Watang Sawitto,5,7,July 2021,5214
poldajateng_,Polda Jateng,51.7k,110,Jube 2014,16.3k
polsekanggana_,polsekanggana,8,11,April 2023,3948
PolsekArcamanik,Humas Polsek Arcamanik,59,56,August 2016,5247
FirmanRiza6,Humas Polsek Metro Menteng,30,21,March 2022,8955
TeguhPujiadi,Teguh Pujiadi,9,40,March 2013,60
PolsekBontocani,Polsek Bontocani,1,2,November 2023,1009
polres_pinrang,Multimedia.polres pinrang,33,23,December 2021,4837
PolsekSukodono1,Polsek Sukodono Res Lumajang,359,52,June 2019,4534
mwra24,mwraaa,10,20,January 2022,1011
humas_sekpatrol,Polsek Patrol,1,0,November 2022,2061
katapang_polsek,Polsekkatapang_polrestabandung,1889,805,June 2020,8974
dinokun44938858,dino kuning,1,4,October 2022,1045
Electrizen_bntn,Electrizen Bintan,3,1,June 2024,423
Electrizen_bkls,Electrizen Bengkalis,2,3,June 2024,419
AgungSundo13965,Agung Sundoro,0,4,April 2023,251
plners_rknhulu,Electrizen Rokan Hulu,157,7,March 2024,579
inkamadiuntegas,Inkamadiuntegas,35,20,December 2022,3014
ElectricSulbar,Electrizen Sulbar,4,3,March 2024,748
LrtInkaTegas,LRT_INKA_Madiun_Tegas,17,19,December 2022,4405
fauzidondon,dondon17,2,43,December 2023,929
fauzyeka84,Fauzi,1273,1589,September 2014,7996
anonimman137997,Coffee_El_Capitano,32,67,September 2023,15.8k
CipondohHumas,Polsek Cipondoh,93,10,May 2022,19.9k
Arsad_KR,Arsad,767,164,September 2012,442
orideos,Imam Orideos,202,439,March 2022,3720
delapandua10486,delapandua,700,2139,February 2024,101.3k
Polusi_udara01,Atasi PolusiUdara Jakarta,191,320,July 2023,13.5k
electrizen_boja,electrizen_boja,5,1,March 2024,493
electrizen_rja,Electrizen Raja Ampat,2,10,March 2024,597
KPU_ID,KPU R,286.2k,536,March 2014,35.4k
pabangkinang,Pengadilan Agama Bangkinang,68,74,October 2022,3200
electrizen_kwg,electrizen_kwg,1,2,March 2024,502
elctrizenpalopo,Electrizen Palopo,5,36,June 2024,473
Electrizen_pwk,electrizen_pwk,2,13,March 2024,588
BumJitu46979,BUMNtrknJitu,3,29,December 2023,1489
21_mozza,m o z z a_21,14.3k,7885,May 2023,35.3k
BUMNMedanSigap,BUMNMedanSigap,69,9,September 2021,6118
bumnsmdhebat,bumnsamarindahebat,6,67,March 2023,2555
KKatnisse,Krysta,13,26,December 2013,447
elctrzn_tblong,Electrizen Tabalong,6,5,March 2024,546
BUMN_Ngawi_Beda,BUMN_KotaNgawi_Beda,221,163,August 2021,2288
Prayogapratamaa,Prayoga pratama,0,3,August 2024,303
Bumn_Crbn_Sigap,BUMN Cirebon Sigap,193,188,September 2021,6860
JuliJuliPu21065,Juli Juli Purnama,1,0,June 2024,157
HumasUlin,humas ulin,1,1,August 2021,782
kakakyudi3108,Yudi Dianto,10,23,January 2023,894
SurabayaMuda,SurabayaMuda Media,209,21,December 0211,1236
Patrolihukum301,patrolihukumindonesia.com,95,1705,December 2022,11.2k
kebangsaanbali,Forum Kebangsaan Bali,4,73,January 2014,71
rudi_hartono24,Rudi hartono,6,16,October 2024,61
matula_cahyu558,Matula Cahyu,1,24,July 2023,175
Mata_Netizen62,,82.6k,8993,January 2017,66.7k
mhmmd_amar9,Muhammad Amar,1,21,August 2023,454
fawas_khann,Fawas Khan,2,26,September 2023,508
shabil_rumi9,Shabila Rumi,0,17,August 2023,283
ariadne_arin35,Arin Ariadne,0,25,July 2023,223
electrizen_skt,electrizen surakarta,5,15,March 2024,587
DS_yantie,,17k,7248,March 2021,106.1k
TubabaHebat,BUMN TUBABA HEBAT,0,22,August 2024,266
bumnbonehebat,BUMN Bone Hebat,2,2,March 2024,690
fufufafa009,inas,0,5,October 2024,4
kejaripidie,Kejaksaan Negeri Pidie,517,640,October 2020,2481
electrizn_sltg2,electrizen_sltg 02,4,6,April 2024,585
BauBau_Hebat,bumn_baubau_hebat,3,5,January 2024,584
BarantinRI,Badan Karantina Indonesia,16.2k,344,March 2013,47.4k
DamailahRI,Damailah Indonesiaku,61.6k,154,February 2013,23.5k
_KNPandeglang_,Kejaksaan Negeri Pandeglang,201,148,May 2020,3438
elec3zenkendal,electrizen_kendal,7,6,March 2024,606
Bumnllgjituu,Bumnllgjitu,30,48,November 2022,1566
electrizen_klk,@electrizen_klk,8,14,March 2024,584
fahiraidris,Fahira Idris DPD RI,678.9k,28.8k,August 2009,248.5k
Panggil_Tukang,Aplikasi Cari Tukang Anti Ribet,402,8,September 2020,1385
pa_dumai,Pengadilan Agama Dumai,138,67,August 2021,2227
bawaslukotacrb,BAWASLU KOTA CIREBON,937,594,February 2019,8780
BumnTpi1763,BUMN Tpi Jitu,6,4,May 2023,1041
IndonesiainPNH,Indonesia in Phnom Penh,2065,214,June 2016,3146
Imade_kun,Imad Hasan Aqil,956,289,April 2020,122.5k
torgamba01,Torgamba01,18,2,October 2022,3791
Minietweets_,MINIET,13.8k,8519,November 2020,59k
BumnBandung,BUMN_Bandung_Terpercaya,19,5,October 2021,3125
urologirsiayani,Urology Centre,6,2,June 2023,265
pnm_tgl_gagasan,pnm_tgl_gagasan,4,1,May 2024,121
INAinSeoul,Indonesia in Seoul - KBRI Seoul,5248,167,January 2015,5799
BimaAulama,Bima AulamanTsabit,244,1047,June 2022,398
jawapos,Jawa Pos,573k,265,March 2014,1.1m
gibran_rakaa,Gilbran Rakabuming Raka,325,478,May 2024,2753
komentatorau,didi hadid,8,29,August 2023,2421
SerSeryazkk,seryaz,2,23,July 2015,579
CNNIDdaily,CNN Indonesia Daily ,243k,77,August 2015,156k
xoxoxixi999,xoxoxixi,36.1k,974,October 2021,33.7k
FHISIP172393,FHISIP,629,562,October 2023,5782
Haehaaee,Haesss,233,261,August 2019,7949
MohamadAzalia,Nazwa Sidrap,39,59,November 2021,2819
RESarolangun,Polres Sarolangun,28,21,November 2022,740
indopos_id,indopos.co.id,313,5,November 2019,5872
gatauahdark,d,33,23,December 2018,7260
ajubaidisy,setan_iblis,410,316,December 2010,32.1k
thejohanreal,My Name is The Johan,18,12,March 2023,1101
nanakaruhei,nanakaruhei,22,11,November 2022,344
kpuprovsumsel,KPU Provinsi Sumatera Selatan ,1335,287,March 2016,5436
kotajakpus,Pemkot Adm. Jakarta Pusat ,3963,183,March 2015,35.4
soundlife_id,SOUNDLIFE,7,1,June 2014,381
restorasiaceh,Restorasi Aceh ,373,523,April 2022,4514
k_yo2k,yo²k_k,2,23,June 2021,195
sinpotv,SIN PO TV,819,122,June 2018,49.1k
gurindahhh,gurindahhh,32,19,January 2023,1024
kou_chiyo,Kael'thas,29,221,July 2022,354
lizpenabur,gaby CINTA LIZ smpai akhir haiat gweeee,77,97,June 2022,1547
oliver_143,raookin,108,574,November 2011,143
shiroe245,my_isekai,23,171,January 2024,530
aucrum,Slamet Subagio,9748,806,March 2012,23.6k
adityanugroho_,Adit,355,283,December 2009,15.1k
yusufmanakarra,yusufmanakarra,4,53,March 2022,383
bukan_fufufafa_,Bukan_Fufufafa,661,1143,October 2021,1918
kotajakbar,Kota Adm. Jakarta Barat ,4150,114,May 2012,18.7k
ImigrasiPO,Imigrasi Ponorogo,279,44,August 2017,6229
KompasKlasika,Kompas Klasika,36.3k,105,June 2010,99.1k
ElekesekengBand,AdityaPratama,74,448,May2023,8171
timnaskeras,Heartpurates Law,57,68,February 2024,82
kosimpe,kosimpe12,5,16,June 2022,1151
TexterMARKLEE,,84,51,July 2015,821
sweectz,keyra,4119,1048,August 2016,18k
ThePhraseID,The Phrase,123,173,April 2021,13.6k
redaksihsb,www.hariansinarbogor.cim,154,871,August 2022,7348
gilapersija_2,,203,126,June 2012,7064
witchamore,,46,49,October 2024,517
MediaMPofficial,Media Merah Putih Official ,5,49,January 2023,459
asumsico,Asumsi,342k,2,February 2017,41.5k
1nserttranstv,informasi selebriti,947k,262,June 2009,207k
benteng_pertiwi,Benteng Pertiwi,118,14,June 2013,2321
torang_satu,torang satu,278,46,October 2019,8367
nashrajumaani,Neng Nashra,63,469,April 2013,67.6k
androidtech22,NuansapagiNews.com,0,2,November 2019,713
IzRuWeb,IzRu Web,1,1,November 2020,487
seledingtekell,si Roger,19,85,March 2023,26.5k
ketikmedia,Ketik Media Online ,68,7,November 2022,2501
ayobacanews,Ayobacanews.com,29,40,April 2023,4553
beritaKBR,KBR,134k,12,March 2010,254k
indo_pol,polisi_indonesia,11k,266,May 2016,7819
neo_k00k33,NEO K00K33,51,235,April 2023,4774
mamat_305,meta,144,356,August 2012,1398
mrcelinooo_,Marcelino ,1,7,September 2024,12
sugmadiig,Syaq,2928,2568,September 2019,24.7k
R_min80,RIMBA,4707,5047,May 2021,14.4k
democrazymedia,Democrazy News,108k,259,March 2020,75.1k
SWAMI912757848,SWAMI,182,181,October 2023,2152
Paulita87701822,Paulita,0,6,October 2022,15
SagunShahi,sagun shahi,111,32,May 2011,681
sana_dunya,Dunya Sana,3,10,February 2023,441
VaniaZerah,Vania Zerah,4,43,September 2023,1107
mantan_kadrun,tejo,2311,2613,June 2018,8355
NyiMasLomb4150,NyiMasLombokJelitaDewiAnjaniBumiAyuLombok,83,49,March 2023,8931
BangsaNara,nara bangsa,115,4,March2024,327
suaradotcom,suaradotcom,33k,64,February 2014,610k
carminaabalos,carmilaaaa,2,11,July 2013,401
kristinhapsari7,Kristin Hapsari,150,350,March 2023,471
quycvom,Ayu_quycvom,1584,48,July 2012,24.2k
KrSamapta,SatsamaptaPolresKarangasem,3,1,August 2023,1668
cakrawartacom,CAKRAWARTA,1870,0,June 2009,51.4k
sikum_k25241,Sikum Polres Karangasem,3,12,January 2024,3315
TribunJualBeli,TribunJualBeli,4111,677,January 2013,96.7k
DengRama,Deng Rama,310,352,August 2020,588
VivienOrnella,Vivien Ornella,3,38,September 2024,57
yunantyo_yas,Yunanto,8622,3279,February 2013,129k
iruhan941009,,586,497,August 2009,113k
padureso_polsek,Polsek Padureso,4,0,November 2022,2254
HabibLurus53114,habib garia lurus,85,515,August 2024,1829
fadliiramadann,,1198,1280,May 2017,1611
Fountaine30,calon jogja livin,165,196,December 2021,6196
BeritakanID_com,BeritakanID News,2086,372,April 2022,46.7k
endlestlove,,172,154,June 2017,24.6k
BuanaAndri1,Buana Andri,81,6,February 2021,2198
ainiranuthebest,ritamondisaa,957,433,May 2014,431
biroumumkalteng,Biro Umum Setda Prov. Kalteng,3,5,August 2024,96
membeliwaktu,Ganesh S,4,21,February 2015,2684
SEKPATTALLASANG,POLSEK PATTALLASSANG TAKALAR,20,15,April 2022,5842
LayananPolricom,Layanan Polri Official ,1466,20,January 2021,865
DivHumas_Polri,Divisi Humas Polri,2.1m,38,April 2010,89.7k
AustriainID,Austrian Embassy Jakarta ,425,881,April 2017,408
doddyjasman2,Doddy Jasman,2585,3379,November 2019,3198
humas_tabes_mks,humasrestabesmks,0,1,October 2024,158
mariberdisko,dhams,1612,1058,July 2020,10.2k
BangPino__,BP,36.5k,320,May 2019,14.8k
kejariacehutara,Kejaksaan Negeri Aceh Utara,266,59,April 2013,2483
humas_polda_ntt,HUMAS POLDA NTT,3306,134,December 2015,23.9k
lablaweducation,Lab Law,198,4,July 2023,458
sidrap_polres,Humas Polres Sidrap,40,23,September 2022,7842
baperanewscom,Bapera News,6505,36,December 2022,21.1k
larasati473621,larasati,7,17,July 2024,97
konde_co,konde.co,3100,181,June 2020,6831
mpnIndonesia,MPN,30,0,September 2024,874
ArjunaPriya69,Arjuna Priya69,73,290,March 2022,250
inpulencer,Ilma,173,281,July 2019,12.4k
nusabalicom,NusaBali.com,2941,344,July 2014,128k
SyamHr,Hr Akh syam,8,99,November 2021,1320
monitordaycom,monitorday,1287,362,September 2009,11.6k
maximilan_angel,Max Angels,1031,705,July 2022,32.3k
Kabar_Tangsel,Kabartangsel.com,17.5k,2945,April 2012,83.8k
sarjono_pi,Sarjono,94,251,August 2021,807
RedaksiT648,redaksi timenewa,85,16,June 2024,8553
yunankingstar1,YUNANKINGSTAR1,246,1801,August 2018,112k
Azpy_ypza,AzfiantoNP,62,271,February 2020,4257
tilltickler,,1421,1547,July 2024,11k
AmaqSeruni,amaq seruni,60,227,May 2017,536
GloballandSby,Globallandsurabayatrans,3,155,December 2023,523
j9012272,Jasura,78,101,May 2024,123
7evenClothes,#BabylonZoo,2784,2283,October 2016,23.9k
RonaJateng5,Rona Jateng,10,65,March 2024,413
gustavssondhela,Dina Natalia Lee,1778,339,December 2023,2869
FelixSGL1,Frontra Siennta Gramasic,3239,1032,October 2014,69k
TirtoID,titoid,772k,43,November 2015,121k
alam_firdaus69,Alam Firdaus ,1,21,August 2023,366
BkadSulsel,BKAD_SULSEL,19,1,April 2024,1749
dbmjatim ,Dinas PU Bina Marga Provinsi Jawa Timur,2015,120,April 2016,2376
Alina10211708,Alina,15,118,September 2022,1298
Harian_Jogja,Harian Jogja,189k,16,February 2010,534k
infobnn_jaksel,BNN Kota Jakarta Selatan ,740,136,October 2015,1549
fitri_hndynii09,Fitri Handaya,2,15,July 2024,143
kangdede78,Dede Budyarto ,116k,2804,January 2011,260k
KPUPangandaran,KPU Pangandaran,536,207,April 2015,2108
Bejongawi,Plencunkparon,24,46,March 2014,2299
BeritaT28156904,Berita Terbaru ,282,428,July 2021,1249
tintamayaa,Mutiara Maya,204,228,June 2022,892
ale_keling,Ale Keling,214,419,May 2017,3765
radarnkri306,radarnkri.id,35,906,September 2023,7323
rupbasanjogja,Rupbasan Jogja ,941,49,December 2013,2159
masbro958,Flying Dragon,18,107,February 2023,9823
imigrasi_jambi,Imigrasi Jambi,11,177,December 2023,1928
duoribuduoampek,Yuni Duoribuduoampek,1,6,October 2024,41
kejarisukamara_,Kejaksaan Negeri Sukamara,11,9,March 2021,225
LemhannasRI,Lemhannas RI,17.4k,219,April 2012,13.8k
Kab_GenZ,Bukan Kabupaten ,6,9,July 2024,463
KantahJombang,Kantor Pertahanan Kabupaten Jombang,110,34,March 2018,6673
radarjombang,Jawa Pos Radar Jombang,441,29,November 2018,15.3k
asinyobeceng,asinyobeceng,3,5,October 2023,231
fanofaespa_,karina,48,19,January 2022,713
sangpengusahax,Sang Penguasa ,85,9,October 2024,88
HerryAchmad81,,105,156,July 2018,17.5k
IdHeadlines,Headlines.id,8,50,September 2019,1087
DekDoctor,Doktorandus TV,0,19,September 2024,79
PR_Kuningan,Pikiran Rakyat Kuningan,524,244,December 2020,4714
0xtiber,Teempo,109,350,April 2024,842
pemprov_lampung,Pemerintah Provinsi Lampung,2873,74,July 2017,4935
ZuliHendriyanto,Zuli Hendriyanto,558,660,August 2012,10.7k
KantahKabBangli,Kantor Pertanahan Kabupaten Bangli,245,160,March 2018,4553
harkatmartabak,Nainai,615,755,September 2021,9710
Fatimah81819162,Anti Oligarki-Anti Judi Online ,842,683,October 2022,5269
Urpin168,Suara Negeri ,88,341,May 2022,2087
Ndons_Back,,49.3k,1551,August 2020,111k
melosky_83,Melo Tukang Sampah Berdasi,1415,284,May 2013,66.5k
BudhyNurgianto,B.Nurgianto,972,216,October 2012,3297
keckalaena_,Pemerintah Kecamatan Kqlqena,1,2,May 2023,270
Deslini2,Deslini,12k,12.2k,October 2018,68.5k
mutia_raaaaa,Ibu Sekretaris Kabinet ,4387,227,May 2012,115k
HurriKoRn,,25.9k,8459,May 2012,220k
sumpanto,#KorbanMulyono,1931,1879,December 2022,31.4k
TheUncleDee,,913,410,March 2014,24.3k
kejarijayapura,Kejaksaan Negeri Jayapura ,394,175,July 2020,753
KantahTanahLaut,KantahKabTanahLaut,256,136,November 2017,6916
Mondescoid,Mondes.co.id,13,15,January 2024,2321
Jarangpulangsi1,Jarangpulangsiregar,273,212,August 2022,2757
bobo2ah,cobek retak,32,39,September 2014,2977
xiyader,44Xiyader,0,5,May 2024,71
FurqonGood,Furqon Good,52,21,September 2022,2766
monumenpers,Monumen Pers Nasional ,1158,165,November 2012,3012
Momonsimomon,Suheri adi,107,169,February 2013,19.9k
InfoSOLSEL,Solok Selatan INFO,7995,132,March 2011,68.7k
Siputty1,Siputty,2389,2643,April 2021,72.4k
txtfromIR,txtfromIR (Si Kuning),19k,173,August 2023,8462
Ririn_Rizky,Ririn apriyanti,12,118,August 2012,119
JaketKulitLover,Jaket Kulit Lover,30.6k,27.3k,December 2011,4668
S0BlIN,S0BlIN,1707,3050,November 2021,19.6k
Rizwariryb,Riz,83,215,April 2014,63.5k
emilefirson,Emil El Minangkabawi,272,351,July 2009,13k
Cuyarevk,Cuyare 25,0,5,May 2024,122
sinau2024,Sinau Berkemajuan ,47,818,February 2024,5855
mipneral,Mars,742,586,May 2013,2273
H4T14K4LN4L42,,13.1k,11.2k,May 2019,97.2k
Lapas_Lahat,Lapas Kelas IIA Lahat,1311,442,February 2014,43k
KejariSambas,Kejaksaan Negeri Sambas,78,37,March 2021,612
KejariMagetan,Kejaksaan Negeri Magetan,60,61,June 2020,2074
direktoratsmp,Direktorat SMP,1084,11,July 2021,324
ramadh4n_joni,joni ramadhan,19,18,April 2023,354
TSalaksa,Tigah Salaksa,18,13,August 2020,1634
info_bnnpkalbar,BNNP Kalimantan Barat ,1871,326,July 2013,2958
KejariBolmut,Kejaksaan Negeri Bolqqng Mongondo Utara ,222,69,October 2020,1467
Yadhi09,Sri Eko,37,77,February 2023,20.7k
cakra_wangsaa,Cakrawangsaa Simbolon ,0,36,September 2023,589
daulatrakyatcom,daulatrakyat.official,14,5,July 2023,317
FirzaHusa,Matahati,236,0,June 2021,118
Dispersipklaten,Dinas Perpustakaan dan Kearsipan Klaten,364,75,December 2017,872
DuniaBumn,Dunia Bumn,3606,1390,December 2015,15.7k
V3g3L,5t3PeN,42.7k,12.6k,December 2010,79.6k
kpubanten,KPU Provinsi Banten ,1985,210,December 2014,7063
ErwinUni20704,erwin uni,0,3,September 2024,2
danial_rummy,Danial Rummy,22,190,May 2022,539
DiskursusNet,Diskursus Network,60,52,August 2021,1787
ptwikagedungID,WEGE,1038,106,August 2016,3748
dishub_sulsel,Dishub Sulsel,12,44,May 2024,581
MediaVoi,VOI Media,36.1k,58,July 2013,27.3k
saidiman,Saidiman Ahmad,65.7k,1902,October 2009,53k
SinarDunia2024,Sinar Dunia,0,28,May 2024,166
Kota_Tangerang,KOTA TANGERANG,83.9k,127,February 2012,50.7k
ksopkalianget,KSOP Kelas IV Kalianget,38,18,August 2019,2522
luvlypaji,meyya,387,543,June 2022,2589
DisnakerindTala,Disnakerind Kabupaten Tanah Laut,5,11,November 2020,387
mirhan_sandy,cak komeer,337,209,March 2016,10.5k
argumen_id,argumen.id,22,107,May 2023,2535
Slashyujii,Fathir Bajri,3,92,April 2023,140
idntalk_com,Berita,2707,206,April 2012,192k
DeliSerdang_Kab,pemkab.deliserdang,1554,39,June 2017,10.8k
rup_pekalongan,Rupbasan Pekalongan,1106,128,April 2014,8271
RSUD_KUDUS,RSUDdr.loekmonohadi,1832,151,July 2016,1645
fransisca_ning,Princess DKI,41,54,December 2022,4634
suarninyelak,Suarni_nyelak,4,30,May 2024,203
YulPetet,Yul Petet,136,8,August 2023,3026
radarjabar_id,Radar Jabar ID,160,56,April 2023,5045
BalamPost,BandarlampungPost,9,20,October 2021,570
AlfredoAli15,Alfredo Ali,21,12,July 2022,2031
NomadicApe,Nomadic Ape,13,64,October 2013,49
IMAkutitok69,mastitok akutitok,59,273,April 2023,740
CobaDikenal,Benang Ruwet,32,17,April 2024,1047
kanreg10bkn,Kantor Regional 𝕏 BKN,3081,57,April 2013,1654
KantahKabBantul,Kantor Pertanahan Kabupaten Bantul,254,255,January 20219,7861
Sima1Syaifuddin,Pohan,128,177,February 2023,6128
agus_nepster,Gus Nepst,65,186,May 2013,2954
gimajiya,56 Gimajiya,0,3,June 2024,45
prokompkotatng,PROKOMP Kota Tangerang,7662,319,October 2014,4555
bappedajabar,Bappeda Jabar,5191,182,August 2014,5634
radarmadiunweb,Radar Madiun,1730,3,May 2013,36.9k
NdoeL_2011,TempeTahu ,261,740,May 2011,9639
Helmi1038270,Helmi,35,185,August 2023,7339
derikcool,derik setiawan,10,116,December 2011,579
inidataid_,inidata.id,653,11,February 2017,31.3k
AdamsBecky_7,Becky Adams,29,60,August 2022,1419
lapas_binjai,Lapas Binjai,292,83,February 2020,3827
LantasProb,Satlantas Polres Probolinggo,13.9k,223,May 2010,16.1k
Natashya95,Natashya Ayu Pradita,250,254,August 2022,6696
lapaskayuagung,Lembaga Pemasyarakatan Kelas IIB Kayu Agung,193,95,September 2013,38k
Kejari_Landak,kejarilandak,2,10,June 2023,350
infoahlulbait,Ahlulbait Indonesia,8764,357,May 2012,11.1k
BPTD_Bengkulu,BPTD KELAS III BENGKULU,2,11,June 2023,248
imambukhori_79,IG: @imambukhori.79,382,59,March 2010,4651
caseykatezplaza,Katie,134,628,February 2012,680
reza_63,Reza,400,957,June 2010,"26,4k"
Cutes_Zee,Zee,13.1k,6116,December 2007,38.5k
26Desri,Desri 26,4,6,October 2024,8
UrbanCitypro_,UrbanCitypro,1,6,August 2023,777
pumopumi1,pumopumi,42,0,September 2022,2724
kemenkopmRI,Kemenko Bidang Pemberdayaan Masyarakat RI,833,43,October 2024,34
bps_kab_rembang,bpskabrembang,153,157,April 2017,742
garudatvnews,Garuda TV,86.6k,40,February 2012,9801
Lapasmuarateweh,Lapasmuarateweh,107,104,July 2020,8080
RupbasanWates,Rupbasan Wates,96,503,September 2021,3286
KpuPamekasan,KPU Kab Pamekasan,691,303,February 2021,5289
NevaehJose52450,Nevaeh Joseph,0,5,October 2023,143
AswhyL,UdaganMuttaqin,807,881,June 2019,8542
voaindonesia,VOA Indonesia,363.4k,387,September 2009,178.4k
TABLOIDNUS76250,TABLOID NUSANTARA,3,16,October 2024,222
tatisamhadi,Tati Samhadi,490,246,October 2021,3634
Subhkan5,Subhkan,212,684,May 2021,48.1k
DediUak,Pak De,382,584,May 2022,4891
AHYB4NGK1T,AHY B4NGK1T,85,170,November 2022,8857
Jerit_Rakyat,katanya Demokrasi?,0,7,October 2024,64
BelaNKRI17,Bela NKRI,253,0,May 2021,7905
ekonomi_bwi,Perekonomian Banyuwangi,803,59,April 2016,407
pemprov_gtlo,Pemerintah Prov Gorontalo,1279,77,April 2016,9613
kejatiriau_,Kejaksaan Tinggi Riau,1251,0,April 2018,3052
rupbasan1bjm,Rupbasan Kelas I Banjarmasin,166,564,March 2021,11.5k
wjtodaycom,West Java Today,72,38,November 2018,18.6k
ChristineW98378,Fakta Data,18,27,July 2024,127
Sillyiliy,Miss Typo,676,119,February 2014,3004
ForRezim,Yg Kejar/Adili Jokowi Mana?,5422,3001,January 2022,"52,2k"
Kemdikdasmen,Kemendikdasmen RI,1.8m,429,July 2012,36.6k
Aryalmahib,Aryo,17,334,November 2014,112
LAN_RI,LAN RI,14.8k,207,November 2013,9605
nurhidayatsardi,Nur Hidayat Sardini,10.4k,1114,January 2011,43.5k 
gsn_id_official,gsn,18,4,August 2024,175
kimmrois,kimrois,24,82,June 2022,583
gus_shs,@gus_shs9907/P,72,121,March 2018,10.3k
KemenkeuRI,#UangKita,804k,72,June 2012,46.6k
defnaputra_id,Defna N.Putra,630,3689,January 2013,11.7k 
mm_munif,M. Miftachul Munif,251,1029,July 2009,4052
LunarGosh,lunar gosh,193,398,July 2023,17.2k
AntaraData,Pusat Data ANTARA,1911,112,May 2012,3662
Black4715Id,Black.ID,49,147,September 2019,2949
bpomsanggau,𝐋𝐨𝐤𝐚 𝐏𝐎𝐌 𝐒𝐚𝐧𝐠𝐠𝐚𝐮,140,80,August 2019,1141
Gonzalesgozin46,,252,209,March 2024,7715
purwodarminto_s,Purwodarminto Suratman,1,19,September 2023,359
menuju_2024,menuju_2024,120,159,July 2022,5457
noviiii_pi,novi fitriany,216,30,November 2012,86
prabu_yudistyra,Prabu Yudistyra,2452,3692,March 2012,20.2k
pametro24,Pengadilan Agama Metro,22,32,May 2023,2867
Mobil123ID,Mobil123.com,3502,156,August 2013,16.6k
PaSemarang,Pengadilan Agama Semarang,136,68,August 2021,1381
Humas_Spr,Humas Polsek Sipirok,4,13,June 2022,9500
sabrinaaulina0,sabrinaulia,2,9,October 2022,565
daily_kaltim,Daily Kaltim,5,42,January 2024,932
matapadma,matapadma,20,15,February 2024,409
diskopmks,Dinas Koperasi & UKM Kota Makassar,47,91,January 2019,666
Rocky____2023,Rocky 2023,62,294,September 2023,1039
indagjabar,Disperindag Jabar,406,132,June 2022,6865
AboutSemarangID,About Semarang,14.7k,227,September 2011,19.4k 
djppkemenkum,Direktorat Jenderal Peraturan Perundang-undangan,328,180,February 2020,6532
chochofairy__,,1,0,November 2023,23
man_tipsy,tipsy_man,7,30,August 2024,756
Ars_sand,Sandi,1734,1493,December 2009,30.5k
ardiDoremifa,ardi,1087,1574,May 2021,18.2k 
Ghost___doctor,G h o s t d o c t o r,158,175,March 2024,2370
Popularitascom,Popularitas.com,461,495,April 2017,28.5k
KPohuwato,Kejari Pohuwato,6,2,May 2020,972
OdriSeva,Odri Seva,22.9k,14.7k,January 2012,378.6k
AbahkuGunawan,abah Gunawan,16,68,October 2023,531
kawitah79,OMON2,386,2,December 2022,6841
kejaribangka,Kejaksaan Negeri Bangka,336,268,March 2021,1895
Papahnakal3,,95,5916,November 2017,63
dprdprov_sulsel,DPRD PROVINSI SULSEL,12,4,May 2024,297
saatnyasambat,Rumit,101,86,July 2014,773
tribunnewswiki,Tribunnews Wiki,982,66,April 2019,42k
Covit2020,Creative8,37,306,November 2017,4023
baronben_,Baron Ben,45,23,August 2022,1252
ProboJoyo,Probo Joyo,1,19,September 20024,234
2024_anies62406,Abah Owl,537,490,August 2023,14k
consulting_sf,SF consulting,31,0,December 2017,4209
beritabaru2024,Beritabaru2024,0,3,March 2024,1047
prof_yassierli,"Prof. Yassierli, Ph.D",398,11,October 2024,36
IraLaura25,IRA LAURA PUTRI,2,2,February 2024,97
JackHaryono,,1284,1389,January 2010,12.3k
D3w4P3r4ng3535, Dewa Perang 3535,847,1988,March 2024,2079
KNBantaeng,KEJAKSAAN NEGERI BANTAENG,152,94,March 2021,1811
apaantuhwoyyy,ente kadang-kadang ente,10.5k,204,April 2019,7010
FatraIncs,Fatra incs,2,37,September 2024,630
OposisiLieur,Oposisi Lieur,447,302,February 2010,1745
Luvbynum,Daisynum,1,19,August 2023,203
alexander19th,Liebeng,72,87,March 2012,5582
peesi0888,partaisalahimput,12,129,January 2024,1057
chandraLaras22,Nyimas ChandraLaras,9256,6554,May 2014,103.2k 
bkdprovjateng,BKD Provinsi Jawa Tengah,"64,5k",166,August 2014,40k
g4b0ng0ku73,RANSporter,5258,5812,January 2023,62.7k
Nobody_2811,Speak_Up,1866,488,May 2024,11.7k
berita_dragbike,Berita DragBike,7,5,July 2024,141
kppntgpinang,KPPN Tanjungpinang,207,104,August 2019,534
1nfoPemerintah,Info Pemerintah,9,12,January 2023,2213
IdChannel9,channel9.id,1050,1956,July 2019,4240
tribunkaltim,Tribun Kaltim,32.6k,3428,January 2010,358.1k
Ryogartshop1,Ryogart,12,66,November 2017,4802
kantahmuarojmbi,Kantor Pertanahan Kabupaten Muaro Jambi,229,116,February 2020,5003
nizamathalla18,nizam,8,9,November 2023,180
seketikanet,Seketika,26,227,August 2023,4282
Rumizolai,Rumi,9636,9428,February 2024,964
RiantiAyu18,Rianti Ayu,0,0,January 2023,7576
SmithAmand58472,Amanda Smith,0,0,September 2024,132
radarsumbarcom,Radar Sumbar,26,21,June 2021,11.3k
smsperkasa,SMS Perkasa,179,13,January 2018,1915
S4N_W1B1,Santoso Wibisono,21.9k,1387,September 2018,101.9k
TransportasiRI,Transportasi Publik,2231,716,December 2015,24.2k
otomoyotoM,Motoyomoto,123,219,September 2021,6148
JakartaDaily_X,Jakarta Daily - Indonesia,36,307,February 2020,1615
airlangga_hrt,Airlangga Hartarto,67.1k,244,August 2014,14.2k
kantahkabpml,Kantah Kab Pemalang,14,22,June 2023,2591
didik_bung1,bung didik,83,135,July 2022,5748
antmegapolitan,Antara Megapolitan,400,29,April 2015,51.6k 
infocikarangid,INFO CIKARANG,114,0,May 2021,44
KutaiNegeri,Kejaksaan Negeri Kutai Barat,209,94,March 2021,775
inikamindonesia,Kami Indonesia,253,31,June 2023,547
dprdjatengprov,DPRD Jateng,6927,73,February 2016,4709
tami_wijaynti,Tami Wijayanti,1,19,September 2023,365
DPMPTSPPonorogo,DPMPTSP Kabupaten Ponorogo,5,23,March 2023,March 2023
SatuNusantara3,Satu Nusantara,170,186,August 2022,3590
Riann77417306,crytopzonee CLONE,148,1427,April 2021,5240
ChristinaV49998,Christina Viljoen,1,6,October 2023,92
jondiljonson,HELMAN KELIAT.,35,87,February 2016,7868
bengkeldodo,𝘁𝗵𝗲 𝗹𝗮𝘀𝘁 𝗱𝗼𝗱𝗼,34.4k,2270,May 2012,370.1k
giannakamala,Giannakamala,128,203,February 2021,120
POS88_OFFICIAL,pos88 official,15,2,June 2024,92
kecsmgutara,Kecamatan Semarang Utara,166,45,April 2018,4352
BawasluTts,Bawaslu TTS,435,389,October 2019,1107
kpurotendao,kpurotendao,250,31,February 2021,521
Kanim_wonosobo,Kantor Imigrasi Kelas II Non TPI Wonosobo,1568,172,February 2013,434.3k
JessicaDewi20,Jessica Dewi,1007,1566,May 2021,266
radargresik,RADARGRESIK,3659,15,May 2012,10.3k
dinsossulsel,Dinas Sosial Prov Sulsel,18,58,June 2024,1064
rmol_id,REPUBLIK MERDEKA | RMOL.ID,351.9k,364,December 2012,"407,8k"
humas_lateti,Lapas Kelas IIB Tebing Tinggi,239,143,February 2020,8515
Inayah_PBW,Inayah_Subiyanto,4,30,September 2023,246
PawangBanteng,,1594,3584,April 2013,14.6k
bpsmojokerto,BPS Kabupaten Mojokerto,148,18,September 2018,2811
cifaguya,cifaguya 26,0,5,May 2024,119
yusyusandi6,yus yusandi,1,6,August 2022,38
ebonXboy,ebonX,12.4k,9121,February 2018,86.2k
TRAWL_id,RAWL.id,43,226,July 2022,396
BkpsdmSurakarta,BKPSDM Surakarta,2907,75,October 2018,1660
RakyatNgenez,"Plot Twist, S.S.",38,74,March 2023,12.8k
TegarPamun41961, Tegar Pamungkas,0,0,October 2024,159
99propaganda,key,3666,2549,August 2021,9770
dewimajid4,dewi,784,483,June 2022,7935
raygenism,Syaiful Roman Raygen,99,99,August 2009,2770
PALTV_42,PALTV - Memang Punyo Kito,467,6,October 2015,1827
indonews_xyz,indonews_xyz,2,14,March 2024,4686
Outlander3131,#KORBAN MULYONO,573,1340,October 2024,1335
ProkompimMesuji,Prokompim Mesuji,477,70,January 2015,2423
Kejari_Acehjaya,Kejari Aceh Jaya,291,152,Octoer 2020,2711
TheMedia_an,TrendyngMedia,4,21,June 2024,722
kalbarprovgoid,PEMPROV KALBAR,25,4,February 2023,848
Anie_Kurniawati,,737,678,August 2010,"61,1k"
CCHSAthletic1,High School Football Amerika (HSFA),12,182,February 2022,880
kpu_sultra,KPU SULTRA,1041,18,December 2016,2333
humasjateng,Humas Jateng,89.2k,322,January 2014,16.8k
ErwinSalis86420,erwin_salistya,1,6,September 2023,94
disnakkaltim,Dinas Peternakan & Kesehatan Hewan Kaltim,726,120,Octonber 2014,1497
bpsplpontianak,BPSPL Pontianak,1131,111,December 2014,4816
piuswidi,pius widiyatmoko,210,553,June 2009,888
YuniMarisa1,Yuni Marisa,4,1,February 2021,75
rw74970,RW Jepara,0,11,February 2024,1413
pms_bf,pms@watch,327,501,April 2010,8730
SumselKejati,kejati sumatera selatan,2,1,October 2024,58
KantahKotaMedan,Kantor Pertanahan Kota Medan,623,117,February 2015,4121
Fajar_Mula,Fa2Fu2,1035,1012,May 2020,7731
_justmukti,Jas Mukti,12,41,November 2021,174
RadioSmartFM,Radio Smart FM 95.9,13.3K,598,August 2010,120.4K
tono14045,hartono,74,77,January 2023,83.6k
Dafirevk,Dafire 28,0,5,May 2024,101
LarissaGoldGirl,Larissa GoldGirl,0,32,February 2012,2830
Daferavk,Dafera 24,0,5,May 2024,132
dilanhaufal,dilanhaufal,2,6,October 2022,810
DQiandra6,Damayanti Qiandra,1,4,September 2024,54
CandraLepi,Candra Lepi,38,63,February 2021,4113
krisongkhla,indonesiainsongkhla,1749,160,March 2015,1773
Ayy_GR12,Ayy,1,2,October 2024,57
CallieMein99183,Callie Meinholz,0,0,December 2023,743
ppn_tgpandan,PPN Tanjungpandan,865,125,February 2017,4561
kalderanews,KalderaNews,1748,1598,January 2017,111.4k
humaskejatisu,KEJAKSAAN TINGGI SUMATERA UTARA,1551,468,October 2018,11.8k
m_radarnew,m-radarnew.com,26,141,April 2018,11.7k
Wan_2045,Habil,19,134,September 2023,2184
pengusahacanti1,Annisa Rahma,468,1031,February 2021,7937
infobanknews,Infobank,15.8k,170,April 2010,"51,1k"
WargaBicara_,Warga Bicara,941,29,July 2021,887
New_Fear370,Not_you,17,77,June 2022,1626
ud24185000,Jamal Udin,7,2,May 2023,7083
DianPanteraaa,Dian Pantera,34,145,March 2024,798
osdm_kemenperin,Biro OSDM,7157,10,September 2016,5271
BSiborunai14969,Budi Siborunaitang,2,16,September 2023,149
Negaramowototo,Kenangan Masakecil,0,1,March 2024,2513
BawasluBukitti2,@Bawaslu_Bukittinggi,349,46,November 2018,1069
EKAPRA014,,13,133,January 2022,853
iamindrimut,Indri mutia,2,3,October 2023,193
EfendiYanto,Efendi Arlos Yanto,80,119,December 2011,3949
pramudo,prAm,62,146,July 2009,15.8k
lpmuarabulian,Lapas Klas IIB Muara Bulian,44,13,December 2019,5721
twococolate1,cocolate,2212,2176,March 2022,18.1k
MoniqueMas47700,Monique Mascarenas,2,4,October 2023,114
rslabuangbaji,rsudlabuangbajisulsel,28,41,September 2022,2969
zrep2024,DIJADIKAN TUMBAL NEGARA,159,331,October 2024,970
ResMadiunKota,Polres Madiun Kota,51,21,June 2022,3084
Martinluth91,ABAR-DKI-NEWS,91,851,December 2021,8970
KominfoMesuji,KominfoMesuji,72,7,February 2021,1212
malut_kumham,Kemenkumham_malut,234,40,February 2021,11.9k
TrioKwekKwek555,Trio Kwek Kwek,738,1147,March 2024,9772
bondanwicaksono,pakwan,78,274,October 2009,3414
pendim0731,Kodim 0731/Kulon Progo,217,161,March 2016,24.6k
JatimPemprov,Pemprov Jawa Timur,90.9k,295,September 2016,23.2k
KejariTTS,KEJARI TIMOR TENGAH SELATAN,282,190,October 2020,2430
cabacaapp,Cabaca.id | Baca Novel Terkurasi di HP kamu,1322,201,July 2017,7942
KSafaritours,Kasuku safaritours,305,1192,July 2021,433
kantahkotasmg,Kantor Pertanahan Kota Semarang,2438,323,November 2014,7363
PERKIMTANSULSEL,Disperkimtan Sulsel,12,13,May 2024,1358
Faktacom_,Faktacom,"233,5k",29,September 2020,1548
RSADwirabhakti,rs. wirabhakti,6,16,March 2024,52
AccaAnjani,Cece Monica,8,25,July 2024,65
juragankripto99,JuraganKripto $SUPER,60,477,October 2022,7752
txtdrsimiskin,Miskin,10,56,March 2023,50
langitbyruu,langitbiru,30,9,October 2023,448
Jennife83085830,JejenNur,39,16,August 2022,6553
bangpoerslalu,Mantan Pemuja Mulyono,2207,1920,May 2013,47.6k
lautan77_,LAUTAN77 OFFICIAL,6,17,February 2024,104
kejariwajo,kejariwajo,174,280,March 2020,574
AgungLa03498428,Agung Laksana,52,36,August 2024,160
sebayu_94FM,Radio Sebayu 94 FM,87,14,February 2021,2815
FemiliaEva6,Femilia Eva,1,5,September 2024,51
GusSiradz,samsara,186,1218,January 2024,2242
uppsusoh1,DJPL UPP KELAS III SUSOH,93,728,September 2021,595
kempiscom,Kang Emil Mirip Fufufafa,27,1,June 2024,381
ChrisWibisana,Chris Wibisana,3757,820,August 2013,1818
SemutMerah2024,NETIZEN PANGLIMA KEADILAN,17.8k,10.4k,June 2022,24.4k
EICom2023,editorindonesiaofficial,13,0,November 2023,1249
Kamto97182089,Kamto,437,443,August 2022,14.2k
Inocantiksekali,ino,75,126,June 2022,16.8k
pdredator,Jendra,718,782,September 2015,4380
bpskabblora,BPS Kabupaten Blora,1019,83,April 2016,2793
ptapekanbaru,Pengadilan Tinggi Agama Pekanbaru,122,44,September 2021,886
kpukabpasuruann,KPU Kabupaten Pasuruan,521,5,November 2023,503
kpusungaipenuh,KPU Kota Sungai Penuh,264,103,March 2019,2686
SenoNunky,Nunky Seno,50,115,July 2024,12.5k
PasTIGAma2024,RIP Reformasi,443,590,January 2024,4732
sonia_zuu,Sonia Zuu,20,37,December 2022,661
B311la,ABC,8,57,October 2015,1397
gemaposID,gemapos.id,437,471,October 2019,12.6k
RSJSoedjarwadi,RSJD Soedjarwadi #AyoKerjaManeh,3308,319,November 2013,4611
theovertureofme,Rimba Kabut Pagi,7836,1783,March 2019,35.5k
sdmpoldariau,birosdm poldariau,100,27,March 2022,1895
nanMudo,udo,158,533,October 2013,3793
seijisuzuki6,Pejuang,80,155,October 2020,8411
Ofc_Marak,marak.ofc,29,14,May 2024,32
KPUsumbatengah,KPU Kabupaten Sumba Tengah,334,60,December 2020,2145
hendrowijonarko,Hendro Wijonarko,570,973,June 2010,9696
galang_dwiwana,Galang Dwiwana,2,19,September 2023,172
lumajang_kab,Kabupaten Lumajang,4655,407,August 2015,13.4k
BijakBuzzer,BIJAK BUZZER,0,2,August 2024,138
idnws_com,News,116,1,May 2014,56.9k
shaljuy,wine,884,949,October 2016,1528
bps_deliserdang,BPS Kabupaten Deli Serdang,22,4,September 2018,178
indonesia_kisah,KISAH TANAH INDONESIA,123,565,Oktober 2023,310
jojoe_gaza,Babeh Naim,629,616,June 2012,5812
djpbntt,Kanwil DJPb Prov. NTT,234,149,August 2018,5122
IDGS_Community,Indogamers - IDGS,16.1k,25,August 2010,25.7k
KPU_Boyolali,KPU Boyolali,964,194,September 2016,1199
detik_edu,detikedu,667,1,June 2023,1470
Jojobetako2,Jojo Betako (akun ke 2),747,522,February 2023,13.4k
dlhsurakarta,dlhsurakarta,132,39,January 2018,2725
FederasiRnpo,Federasi RNPO Indonesia,190,466,April 2020,281
chinchinits1,Chintya Ningtyas,198,453,February 2016,1798
Kemenkumham_Jtm,Kementerian Hukum dan HAM Jawa Timur,6541,65,November 2015,29.4k
SeputariNews,SeputariNewsRCTI,148.6k,0,September 2011,402.9k
maliqmos,,1433,1649,April 2012,7724
sr_yudo,Yudo Toretto,985,5027,September 2009,44.8k
nokian83,nokian83,123,298,September 2011,2713
officialMKRI,Mahkamah Konstitusi,157.8k,112,March 2012,18.5k
SangLangit01,Sang Langit #FAKI #SemutIbrahim,8635,7433,January 2012,35k
DitjenAnggaran,Direktorat Jenderal Anggaran,5255,50,June 2017,5077
IndonesiaCrowd,Indonesia Crowd,2449,737,March 2013,22.2k
Kumham_Sultra,Kanwil Kemenkumham Sulawesi Tenggara,889,414,November 2015,4760
dpmptsp_kaltim,DPMPTSP KALTIM,81,70,March 2017,1636
abahgmus,cangkurileung,447,351,April 2020,162
TechinAsia_ID,ech in Asia ID,17.7k,3,July 2013,25.4k
RALeather,RaLeather,47.1k,34.5k,April 2011,7277
dukcapilklaten1,Dinas Dukcapil Klaten,10.7k,120,December 2015,11.8k
DuniaFauna1000,Robiendy Jaya,0,1,November 2024,161
skyundocean,Skyandocean ,119,523,April 2020,9473
bukamata18,bukamata.co,145,22,April 2018,12k
kejati_papua,Kejati Papua,416,709,March 2021,490
KemenPU,Kementerian PU,787.9k,392,August 2010,62.7k
Sarinah_jh,Sarinah,19,34,April 2021,11.6k
SiOtakDungu,Panas Dingin,251,755,July 2022,2071
aula_media,Aula Media Group,12,3,July 2020,1432
juliespean44574,juliespeanutbutter,1,8,September 2023,3598
pemkotbekasi,Pemerintah Kota Bekasi,80k,310,September 2011,24.8k
kbrikualalumpur,KBRI Kuala Lumpur,56,3,September 2023,256
SmartFM_Manado,SmartFM Manado,2156,145,February 2012,32.3k
Heri_breuwox,,300,221,July 2009,7797
updatebalii,UPDATEBALI.com,155,3,August 2020,22.7k
DesaBungko,Pemerintah Desa Bungko,3,15,January 2019,1114
lampungpost_,Lampung Post,3921,1046,February 2018,71.2k
bungapukulempat,mirabilis,981,2531,May 2023,1687
pemkabekasi,Pemerintah Kabupaten Bekasi,4264,206,February 2017,"21,6k"
bknmakassar,#ASNPelayanPublik,689,19,November 2021,802
Humasressanggau,Humas Polres Sanggau,349,47,January 2018,15.4k
piotr_smieszek,,573,577,August 2013,4117
mukminuncom,Mukminun.com - Referensi Islam Tepercaya,621,622,October 2011,3577
Ann_Gwynetha,,1177,1119,September 2020,28.1k
Ordinar39570489,Ordinary Person,1,9,December 2022,364
UsangJelihim,Mortui Vivos Docent,2061,1933,September 2021,17.7k
kompasiana,ompasiana,981k,91,March 2009,1m
R19cakra,Rahmat Nurdiansyah,717,5582,December 2023,9732
ruparuparupawan,Kawan Rupawan,24,32,May 2023,18.8k
KissMyASsdud3,,1,7,April 2023,11k
syalikadima,7 Syalikadima,0,2,June 2024,42
Pitra_PAR,Pitra Ratulangi - PAR,85,112,July 2018,359
loker_subsdagre,Lowongan Kerja Surabaya Sidoarjo Gresik,7545,7,January 2018,19.8k
barvitone,Marko,762,900,October 2016,1168
rif_qyki,Rifqy Hamdani,0,0,February 2024,9
Taliajipangestu,Talia,35,0,September 2022,874
pintasandotco,Pintasan.co,3,4,September 2022,1632
kppnwatampone,KPPN Watampone,326,255,March 2019,339
yaniarsim,,45.4k,13.5k,November 2017,54.8k
KPUKotaMedan,KPU Kota Medan,6,1,June 2024,177
bidwin88,Bidwin88 Official,37,160,March 2023,2167
carolinadrocha,Carolina da rocha cr,1,8,September 2014,188
kejariacehbesar,Kejaksaan Negeri Aceh Besar,505,466,February 2020,2189
PonorogoKab,Pemerintah Kabupaten Ponorogo,3310,187,January 2017,3049
andra34817934,andra,95,289,December 2022,4538
HMaxmara,Heru maxmara,4183,4840,May 2020,6094
bank_indonesia,Bank Indonesia,859.3k,13,June 2010,59k
adepermadani1,Seputar Pemerintah,6,31,September 2013,1370
Si_R4jBonk,SERING BOONG TAPI GAK SERIUS,2046,1469,April 2022,4690
OrangutanIKN,Patriot_Bangsa,30,90,December 2022,4374
CapilMglKota,Disdukcapil Kota Magelang,1069,74,August 2014,1342
SRampoe,ADONORDAY,242,600,December 2022,23.6k
OrpegJateng,Biro Organisasi Jateng,2183,84,August 2014,667
suaramerdeka,SuaraMerdeka.com,140k,317,November 2010,386.1k
AtayaPranaya2,Ataya Pranaya,29,41,February 2021,7015
naoxreii,xaley,612,903,May 2017,502
arinadotid,arina.id,49,19,June 2023,3087
johnsinagabonor,Kopi Laskar,1421,1680,July 2015,7071
kpu_tomohon,KPU Tomohon,568,148,March 2021,1890
Habakkuk2024,Habakkuk,53,91,March 2024,5054
opinikampus_com,Opini Kampus,6,55,March 2023,134
PolresBanjar,POLRES BANJAR KALSEL,1520,89,October 2016,36.2k
bpkrijateng,bpkrijateng,87,33,July 2023,279
kominfoLebong, DINAS KOMINFO LEBONG,81,124,March 2018,500
NazarRizky17,Rizky Takemana,316,420,December 2022,6002
InfrastrukturRI,Infrastruktur Publik,2259,63,December 2015,5741
lpp_palembang,Lapas Perempuan Kelas IIA Palembang,408,147,April 2019,69.2k
Ninaang06470572,Ninaanggraini,91,82,January 2023,84.9k
harryccpatty,Harry Patty,73,107,April 2024,7009
PaPadangPanjang,Pengadilan Agama Padang Panjang,181,45,March 2020,2793
ArifSubagiyo2,Arif Subagiyo,20,16,April 2021,9900
dw_indonesia,DW Indonesia,70.6k,1052,June 2010,87.2k
AfiyahKamila7,Afiyah Kamila,7172,3870,December 2021,26.3k
klis__,kukukakikakakukakukaku,72,143,April 2020,273
BeeetheBoss,,201,492,September 2022,2885
DenpasarKota,emerintah Kota Denpasar,20.9k,356,January 2012,31.7k
kb_ntb,kantorbahasantb,905,120,July 2018,5078
bjopass17,#BONGKARfufufafa,7370,7157,April 2011,53.9k
trendingtopik01,Trending_Terbaru,5,104,August 2024,164
thejakartaglobe,The Jakarta Globe,520.5k,424,September 2008,155.8k
miasmagame,Miasma.game,0,2,July 2024,15
kantahkota_tpi,Kantor Pertanahan Kota Tanjungpinang,371,469,September 2019,6642
praenkeren,praenkeren,126,398,July 2011,6738
SutanSantuy,Sutan Santuy,29,49,September 2022,7685
bpkrisumsel,BPK Perwakilan Provinsi Sumsel,134,33,August 2021,301
doer_AlX,BAJALUNAK,5,73,October 2023,2117
LaMappapenning,RSUD Regional La Mappapenning,21,20,May 2024,3026
kejari_abdya,Kejari Aceh Barat Daya,477,299,May 2020,2736
FSPMI_KSPI,FSPMI Official,11.6k,648,February 2014,34.1k
alltheworldssea,Alltheworldssea28 (Got_Atha),73,562,May 2024,3531
Hasbil_Lbs,Hasbil Mustaqim Lubis,19.6k,4668,November 2017,114.7k
e100ss,Radio Suara Surabaya,1m,43,September 2012,579
humassekkarto,Humas polsekkartoharjo,5,15,November 2022,745
recehtapisayng,recehtapisayang,3.6m,5,January 2019,4760
bedastatus,bandunglautanapi,12,107,February 2024,987
ciranayy,Ranaya,28,54,March 2021,112
KejariPoso,Kejaksaan Negeri Poso,575,356,January 2019,942
CocoBottol,Coco Bottol,89,17,October 2022,554
elyfit1531,elynafitri,69,187,February 2012,3361
JohnnyBidong,,478,625,June 2018,71.4k
jffnntry,-,0,4,March 2024,208
LailyShey,Shey Laily,1499,1479,July 2014,267k
Golkar2024,Golkar 2024,901,53,April 2018,3759
Mili_Indonesia,Mili ID,381,0,June 2023,4555
AidilMadzi,Aidil Madzi,74,46,August 2022,4132
KhaidirJakob,Khaidir Jakob,3,0,December 2019,321
asyifasalbi,S.S.,6,43,February 2024,35
hmm_yummii,hmm_yummii,0,0,January 2024,252
OjolNyambi,,6269,5589,February 2022,211.7k
rudenim_bpp,Rudenim Balikpapan,February 2013,129,February 2013,103
NovarioP,Novario Rafian Putra,0,67,September 2019,6
Dapurngebul00,Dapurngebul,17,28,September 2023,3427
DanendraAbqori,LookAtMyBio,1841,1854,December 2015,2986
ureungpungoo,ureungpungoo,131,491,December 2022,10.7k
AmaliaWinn79269,Winna Amalia,3,1,September 2024,54
KominfoPulpis,Kominfo Pulang Pisau,55,309,September 2017,713
jdihkebumen,Bagian Hukum Kab. Kebumen,643,87,August 2015,551
BinmasSamosir,Sat Binmas Polres Samosir,39,8,December 2019,8570
MGEIOfficial,Pengurus Pusat MGEI,1216,112,November 2012,2274
amtvNU,TempatCurhat,56,31,May 2021,1393
Oktaviana9111,Oktavia Andriadi,1169,430,March 2013,7661
Ifundvm04,𝐂𝐨𝐟𝐟𝐞𝐞,475,608,July 2022,26.1k
AntangRajah,RajahAntang,68,108,March 2021,333
triwahyuutama15,,184,347,September 2011,22.2k
wajah_baruitu,Guillermina,51,16,August 2022,669
WatchPms,Pms Watch,1460,2077,June 2014,10.3k
cupenk02,van,33,3,March 2020,595
DataZakee,Laskar Bung Tomo,109,362,February 2022,10.7k
spills_media,Spills,34,35, June 2022,2246
bwrkahrwmadhan,Bwrkahrwmadhan,122,108,February 2024,629
lapas2acibinong,Lapas Cibinong,509,87,May 2016,10.3k
mcyazid,McYazid,811,680,April 2012,5893
adimawardi21,Adimawardi21,23,49,October 2020,789
kpukabkupang_,KPU KABUPATEN KUPANG,331,69,February 2021,2386
Nadsaf63,54 Nadsaf,0,2,June 2024,49
cemaranusantara,Caca Marisa,9,12,August 2022,2013
Almunai78,Almunai,7,3,September 2019,3231
LinggaNegeri,Kejaksaan Negeri Lingga,293,351,April 2020,1721
Alesia89687164,Alesia,15,3,September 2022,1238
Capilsergai2024,disdukcapil_sergai,4,319,April 2024,605
readMeAja,Si Kumis,207,212,ovember 2011,15.6k
CoffeOppaceo,Oppa Coffe,36,761,August 2024,289
Wahyuoey225224,BUMI GONJANG GANJING,22,5,July 2024,140
Rakyat6dua,Hardiyanti ,33,126,October 2022,795
Ahsya_Ahmad,Ahmad Syah Mas'ud,160,339,October 2012,1148
Christi55420561,Scavenger,1023,2395,August 2022,3028
InfoPublikIP,Portal Berita Info Publik,8602,280,April 2011,39.2k
deberita_com,Deberita,111,175,September 2024,124
ListyoSigitP,Listyo Sigit Prabowo,224.4k,5,August 2021,1857
__LOVE_AG4EVER,PUTRI CEBONG (IG:Putri_cebong.id),127.6k,8697,November 2016,119.8k
PngAdilnR4kyt,Pengadilan Rakyat,12.4k,6038,March 2023,40.1k
HaneutM,,528,725,September 2017,11.8k
In_drael,merdekanews.co,337,374,February 2019,5864
infovalidd,infovalid,47,135,January 2023,4368
JavanicaPost,JavanicaPost,1,5,October 2024,426
vuvuv4v4,vuvuv@vA,1,14, November 2024,17
BawasluGtlo,Bawaslu Provinsi Gorontalo,296,101,November 2017,2358
ppid_purwakarta,PPID Diskominfo Purwakarta,130,2,April 2021,2214
PManguharjo,Polsek Manguharjo Polres Madiun Kota,11,23, October 2019,1824
rereku2108,dhanang saputra,1,0,November 2023,214
PolsekGamping_,POLSEK GAMPING,151,17,October 2013,21
kapten32081,Nasar74771859,69,64,February 2024,1492
BegayePontianak,begayepontianak.com,1764,57,August 2014,2638
bagorg_pemalang,Bag Organisasi PML,603,26,March 2016,251
CurupHumas,Lapascurup,215,54,July 2020,28.3k
cettaenglish,Cetta English,836,60,July 2023,1463
indozonemedia,Indozone Media,1.7m,2,August 2011,154.1k
BKKBNofficial,BKKBN,41.2k,243,May 2013,20.1k
DLHKPROVSULSEL,Dinas Lingkungan Hidup Dan Kehutanan Prov. Sulsel,24,2,May 2024,1526
wukuf002,KawuloGusti,3,4,October 2023,2080
D4rur4tPol1t1k_,Jokowi Kecewakan Rakyat,378,1041,September 2024,482
aljnoobtyu,Slot Gacor Pola Hari Ini,27,0,July 2016,74
majalahSM,Suara Muhammadiyah,43.8k,213,September 2012,20.7k
kpukablamut,KPU Kabupaten Lampung Utara,356,231,February 2022,1215
cara__belli,carabelli,155,30,August 2024,169
AsosiasiVendor,Asosiasi Vendor Indonesia,42,336,February 2022,670
sinjaikab,Pemerintah Daerah Kab Sinjai,2912,316,November 2009,15k
ohwin_da,NDA,2033,2155,January 2023,8772
kabarnegri_,Kabarnegri.official,47,21,March 2023,6
Kejaritjpinang,Kejaksaan Negeri Tanjungpinang,138,11,June 2020,1802
Gavutturu,Akun Jualan,2,23,May 2023,59
OposisiCerdas,OposisiCerdas.com,277.7k,102,July 2017,153.2k
balipostcom,BALIPOST.com,8707,54,March 2012,31.3k
finindonesia,FIN.CO.ID,405,107,May 2018,8313
hendratno64,Hendratno,1919,793,October 2009,6427
ItdaBrebes,Inspektorat Daerah Kabupaten Brebes,65,49,March 2021,256
Zay34562,Zay3456,988,149,June 2022,22.2k
Djarum_Penthul,Dedie_47,54,61,June 2023,2991
siBungTon,Bung Ton,3,28,January 2024,131
prokopimkablmg,Protokol & Komunikasi Pimpinan,959,92,February 2018,4763
detikjabar_,detikJabarofficial,1581,9,June 2023,4306
NarasiNewsroom,Narasi Newsroom,298.9k,7,August 2019,24.3k
BiruBir26073179,Panembahan Jimbun,1195,1267,January 2023,3126
biroadpimjabar,Biro Adpim Jabar,570,113,March 2022,2286
ventdhie,Angelica Selena,1,23,October 2023,13
BapasPalembang,Bapas Palembang,707,182,April 2014,37.8k
KPKNLcirebon,Kantor Pelayanan Kekayaan Negara & Lelang Cirebon,147,91,June 2021,4336
validnewsid,Validnews Indonesia,16.6k,66,June 2017,76.6k
bppsdm_kp,BPPSDM KKP,14k,374,February 2017,24k
Kadirgagah87,Kadir,0,18,November 2024,34
Silahkandiblok,arsea,637,751,July 2017,1443
Boboy0168,Boboy 21,5,26,February 2024,0
jupriadimz7,Jupriadi MZ,740,768,March 2023,6343
prajawibawalam1,prajawibawalampung,53,19,January 2022,6909
barisansopan,BARISAN 08,7148,677,December 2011,51.1k
bekilaivk,50 bekilaivk,0,2,July 2024,52
Devon90517815,Devon,16,110,September 2022,1229
PemkabSidrap_,Pemkab Sidrap,104,142,March 2019,2071
Kemendag,Kemendag,435.7k,221,March 2010,49.7k
IDNTimesBanten,IDN Times Banten,236,22,October 2020,14.7k
Aditlasri3,Kopi_Pahit,1202,1103,November 2020,8116
DispusipdaJabar,Dispusipda Jabar,3096,107,April 2013,46246
Saxeravk,Saxera 27,0,5,May 2024,110
ybudi55,yohanes buddy,92,349,May 2011,4851
KodamKasuari,Kodam XVIII/Kasuari,3357,18,November 2016,7602
pemkabasahan,Pemerintah Kabupaten Asahan,183,12,September 2019,2346
kisah_nusantara,Kisah Nusantara,0,0,May 2013,944
inang_hasiholan,Inang Hasiholan,71,44,November 2016,61.4k
jakuliyase,41 jakuliyase,0,5,May 2024,98
uptheposhi,Up The Posh,1,9,July 2024,32
djpt_kkp,Direktorat Jenderal Perikanan Tangkap,13.6k,245,January 2015,20.9k
sumsel_maju,Giat Kominfo Sumsel,1765,72,December 2018,9674
AtiqahFahrina,Atiqah Fahrina,478,320,March 2022,3623
KukuJempolKaki,BagasssIP,246,400,September 2018,4407
kanim_semarang,Imigrasi Semarang,2926,203,January 2013,14.6k
LapasWanitaGtlo,Humas LPP Gorontalo,54,15,May 2018,8486
jjjjjjjjsj,k,168,51,June 2012,21.1k
AdipatiLanang,Adipati Segawan lanang,256,118,December 2019,4541
garrytengker,Garry Robert Mondale,236,263,May 2012,2048
Dp3a_ProvSulsel,DP3A_SULSEL,9,4,May 2024,925
AkalSehat2024,KopiTanpaGula.3,445,209,August 2023,14.4k
izmayanti875,izma yanti,1250,1299,May 2024,5947
rudenim_pku,Rudenim Pekanbaru,122,114,February 2020,1241
officialdppkb,officialdppkbp3asumedang,17,50,March 2018,1494
dispendukabmlg,Dinas Kependudukan dan Pencatatan Sipil Kab Malang,1161,14,January 2020,578
KN_Klungkung,Kejaksaan Negeri Klungkung,2,8,October 2022,1185
165Hati,Kata Hati 165,2241,2223,January 2024,9216
ryorossi4689,R10'@rosscal 14,2016,1999,February 2013,13.2k
bpsprovjateng,PS Prov Jawa Tengah,2797,167,February 2016,2535
jane_rahimah99,Jane Rahimah,0,40,October 2023,314
M3diatube,M3DIA TUBE Social Media,144,243,February 2010,646
KejaksaanRI,Kejaksaan RI,328.4k,234,March 2016,23.5k
PerekonomianRI,Kemenko Perekonomian RI,404.3k,263,July 2013,27.9k
Ipoengdjalal1,Ipoengdjalal,5,85,October 2016,1336
analiticacpns,INFO CPNS DAN PPPK 2024,7586,5,August 2024,928
ke_gemini22020,Gemini akun ke 4,375,296,July 2024,10.7k
AlanOnniu,Alan onniu,3,18,October 2024,1177
PrabumulihKpu,KPU KOTA PRABUMULIH,280,37,February 2021,7238
lab45_,LAB 45,1314,66,December 2020,862
dishut_jabar,Dinas Kehutanan Provinsi Jawa Barat,2896,106,May 2011,627
mpocash_co,star_viral,2,18,March 2023,78
BloombergTZ,Bloomberg Technoz,5009,0,October 2022,53.4k
keuangan_,Seputar Keuangan,12,2,December 2023,1275
JaketKulit_RA,Jaket Kulit RA,"36,3k",31.4k,February 2012,6051
banten_pemprov,Pemerintah Provinsi Banten,2169,221,January 2020,5254
BANGSAygSUJUD,,28.9k,18.9k,October 2019,114.4k
MandiriBerkah99,Sabda Alam,1025,1539,August 2022,16.5k
Merdeka4545,#MERDEKA'1945,3936,4469,February 2023,1563
BL3H0_212,,100,120,September 2022,20.4k
ichaswe,Icha,1240,283,November 2017,7665
kantahdenpasar,Kantah Kota Denpasar,1704,750,February 2015,8958
cerawevk,45 cerawe,0,5,May 2024,83
Kejari_Lebak,Kejaksaan Negeri Lebak,150,11,February 2021,1411
callmegendhiiis,Gegen,51,141,November 2021,3937
iot_as54321,Andi TN,1,29,February 2023,492
PPID_RSUDKUDUS,PPID RSUD dr. Loekmono Hadi,42,116,March 2019,1174
gkakrilik,Gantungan Kunci,70,53,October 2015,1114
ExposeKaltim,kaltim expose,1,6,June 2024,724
hadramoutindoo,Hadramout Restaurant,11k,542,November 2022,446
Sasmo_kliwon,sastro_djoyo,11,72,February 2013,1964
CumanSimpatisan,Bukan Kader,742,593,March 2014,31.8k
SulselInfoNet,sulsel info,3,16,September 2024,97
DanicaShan3,Shanti Danica,1,4,September 2024,52
i_bersatu,Indonesia bersatu,14,102,August 2023,13.4k
nimas31,Ayuningrum,4398,5055,November 2019,67k
JJhonpres,JhonPret JhonPres,4325,5463, January 2023,19.7k
Dhanidjafar,Keparat,198,787,December 2010,5414
NurRohi03920969,Chu Lun,120,422,February 2022,3204
KantahKabPkl,Kantor Pertanahan Kab. Pekalongan,534,127,October 2015,11.6k
medialangitku,medialangit,2,5,August 2024,351
indrachaniago88,Indra Chaniago,12,88,November 2023,18
bening_mis,MisBening,3727,2948,March 2020,4275
rina_lstari,Rina Lestari,1,18,October 2023,528
taufik_q,taufik,350,93,August 2012,1089
biropemsulsel,Biro Pemerintahan dan Otonomi Daerah Sulsel,8,28,May 2024,189
sushiitr4shh,sampahtuna!,121,149,February 2021,9551
Mdy_Asmara1701,Maudy Asmar,"262,1k",1930,December 2020,49.3k
brandi_pri77243,Brandi Prieto,0,3,October 2023,184
mugab921,Pertiwi Raya,1385,192,August 2014,1321
bawaslukabtasik,Bawaslu Kab. Tasikmalaya,280,93,November 2018,4269
flyingjellyfis,,106,122,August 2011,874
_bsutanto,BSB,15,5,July 2013,359
kpusampang49,Kpu Kabupaten Sampang,212,100,March 2021,1134
masskasepp,kasep,63,109,December 2012,50
kominfobuteng,Pemerintah Kabupaten Buton Tengah,46,18,September 2022,546
infokawan18,Info Kawan,5,15,February 2023,7459
itdapati,Inspektorat Daerah Kab. Pati,91,8,September 2020,1418
azmi_azmiagro1,Azmi@agro,3,95,March 2022,549
BiroAdbang,Biro Adbang Setda Prov. Kaltim,100,42,April 2021,7271
lasimdo68763,Lasimdo Gogreen,3,6,June 2024,989
KpuBatubara,KPU Batu Bara,1106,331,August 2020,3975
disnav_kupang,djpl_disnavkupang,100,104,January 2020,2264
klikwarta_com,Klikwarta.com,528,1097,January 2017,82.8k
bindabluk,bindajebluk,42,700,October 2021,4652
Ni_kaylaRaya1,Nikaila Raya,285,741,July 2023,3388
Hialshaiba,Hilal Ramadhan,306,836,October 2012,72
Alitt4mb3ng,La Pulga,1432,2235,September 2023,21.6k
KominfoKotaTSM,Kominfo Kota Tasikmalaya,290,150,June 2018,2950
faktualid_com,Faktual Indonesia,30,3,May 2021,6413
BumnTegas,Langkah BUMN Tegas,28,27,May 2023,771
DiditGanteng91,"Didit Ganteng Belum, Ph.D.",13,20,November 2022,987
KanwilBPNKalbar,ATR/BPN KALIMANTAN BARAT,376,123,January 2019,5748
Jakasamudera123,KOMISARIS UTAMA,101,5,January 2022,4342
utamimay77,May Utami,8,27,October 2024,52
YuniAkhira,Yuni,8,42,July 2013,22k
gamiyate,53 Gamiyate,1,2,June 2024,54
juli_sma53,julids(sma53),1228,1983,December 2009,18.5k
Amykhaila,Amy Healy khaila,57,69,September 2022,748
TajamNewsCom,tajam dotnews,9,17,January 2024,300
kompasmuda,Kompas Muda,44k,87,October 2009,93.5k
aan_media,,1496,240,November 2009,696.2k
himabaraupi,HIMABARA UPI,310,4,October 2021,981
Andrie80079584,Andrie,25,271,May 2019,826
kejaribatu,Kejaksaan Negeri Batu,235,114,October 2017,15.8k
MandyJones31548,Senja Meloy,7,1,July 2024,777
sunflower_mil,Sun Flower,995,1309,June 2020,52.5k
Bagindo_Radjo,,607,333,May 2022,14.3k
lapas4lawang,lapas_empatlawang,48,26,July 2020,21.4k
bphl_9,BPHL IX BANJARBARU DITJEN PHL-KLHK,324,193,January 2018,1196
hypevox_id,Hypevox,311,6,November 2023,261
MuhHusniMubarok,Muh. Husni Mubarok,172,258,May 2011,10.6k
matchacorp,Epinephrine,41,53,January 2024,2002
Yuspek5,Yuspek,12,446,June 2022,361
BeBuzzerNKRI,Tetap #OPTIMIS #LawanDFK,856,715,May 2018,28.1k
NiagaAsia17,Niaga Asia,277,20,June 2024,286
giayouri,Gia You,16,18,June 2024,68
agni_brataa,Agni.brataa,4,152,June 2024,90
pendekarkocak,Pendekar Kocak,78,37,July 2022,571
bbihpmm,BBIHPMM,84,4,August 2016,842
haluanharian,Harian Haluan,128.6k,19.7k,April 2011,185.7k
bratz_7,,628,227,September 2009,17.5k
Coki185407,Guru Bangsa (honor),28,54,August 2024,938
pasubangdix,Pengadilan Agama Subang,24,109,August 2023,1225
RinggoJadz,Ringgo Jadz,32,16,July 2023,175
embah72,Abah,14.4k,8590,November 2015,157k
picka2goodgirl,Picka2goodgirl,126,106,February 2024,722
Cabjari_Labdel,CABJARI LABUHAN DELI,190,209,March 2021,516
HendroBatuayau,Parangmaya,247,281,January 2014,33.9k
gugumridho88,gugumridhoputra,49,40,September 2018,488
the_indonesian,The Indonesian Institute,1454,417,October 2010,9780
setkabgoid,Sekretariat Kabinet,1.3m,100,March 2011,68.3k
PemKabTangerang,Pemkab Tangerang,8831,376,May 2014,15.3k
abadikinicom,Abadikini.com,5182,56,June 2013,57.1k
LapasSurulangun,LapasSurulangun,426,219,February 2020,28.9k
PemprovPapua,Pemerintah Provinsi Papua,19.9k,31,September 2017,5520
RUPBASAN_BANTUL,RUPBASAN BANTUL,446,209,January 2016,1927
SinarOnline,SinarHarian,1.1m,603,July 2011,832k
freethink32,,22,2,November 2022,9271
attentizon,Echa,3768,4109,August 2022,14.4k
bahubda,bahubda.sulsel,8,33,May 2024,41
disbun_jabar,Dinas Perkebunan Provinsi Jawa Barat,6341,821,August 2013,8883
kayakiqbal,Iqbal ramadhan,1,25,October 2023,4854
humas_smd,Humas Sumedang,1347,583,March 2019,18.1k
sabadesa87,JOSS leos,45,54,December 2017,1466
aLy_benzema11,Fake Dr HC,151,42,July 2024,22.1k
informasicom,Informasi,228k,5,September 2019,248
ENS53311139,ENS,2012,2623,September 2019,36.5k
Lapas_Amuntai,Lapas Kelas IIB Amuntai,278,95,March 2019,20.1k
joe_pride888,,7379,3394,January 2021,"48,5k"
Liwaul27,likeisme,17,211,May 2018,734
p3ebalinusra,P3E BALI NUSRA KLHK,911,351,April 2017,3270
uppamurang,djpl_uppamurang,60,140,September 2019,246
DPMPTSPJateng,DPMPTSP Prov. Jateng,6641,162,August 2014,3625
IDNTimes,IDN Times,398.3k,297,October 2011,"1,3m"
Cajaripalingkau,Cabjari Palingkau,258,208,March 2021,1080
kucingoyent,"Share Info, Materi, Soal SKB CPNS",6,13,September 2024,154
omongkosong404,omongkosong,127,0,May 2021,1460
CongKene_doewa,Cong Kene,1197,1642,December 2022,12.2k
wonglicik062,Hanoman Putih,2635,2495,December 2022,5733
IwanKur76179751,13.12 WIB,23,222,March 2022,2844
5TEVENS0N,STEVENSON,2621,2256,May 2013,19k
pusdakabmalang,pusdakabmalang,491,42, October 2018,1765
Berlian_2450,Berliana,644,592,February 2021,656
LifeTomorow,Tomorow In life,0,5,October 2024,78
fpkskuningan,Fraksi PKS DPRD Kuningan,203,82,June 2021,994
gondrongugun,gondronggugun,5,66,March 2024,456
MardiSiswoyo15,,6266,6561,August 2020,11.2k
PemkabAcehtimur,Pemerintah Kabupaten Aceh Timur,32,3,February 2022,966
azuhimasha90,azuhimasha,14,23,August 2023,49
maryshelparaiso,maryshel,1034,123,May 2014,3176
KPU_Karangasem,KPU Karangasem,576,114,February 2020,11.8k
Kantahkotapkp,Kantah Kota Pangkalpinang,808,486,December 2015,4089
smpantura,smpantura,65,34,August 2019,3577
ditjenpptr,Direktorat Jenderal PPTR,331,461,April 2020,501
inspektorat_jtg,Inspektorat Jateng | #Inspektoratmengawal,10.8k,357,August 2014,4567
mc_prov_aceh,MediaCenterAceh,994,241,July 2020,4878
DPMPTSPKabAgam,DPMPTSP Kabupaten Agam,1,0,January 2024,17
sumutco,Limitnews.net,97,646,January 2018,7178
phoenixx1_,Phoenix,44,94,July 2022,4191
DipaDuaLima,Dipa Punya Cerita,476,623,June 2020,18.2k
MataNajwa,Mata Najwa,5.2m,124,September 2009,76.4k
Riau1Official,RIAU1,1504,0,April 2018,67.2k
sondangsway,,980,1123,October 2010,"16,7k"
PAUDDikdasmen,Ditjen PAUD Dikdasmen,15.3k,26,December 2016,2224
JalilBasyah,EmJalba,342,311,January 2022,7318
polsek_binjai,Polsek Binjai,33,53,October 2022,2776
IndoDefence,Indo Defence,1498,257,October 2012,1978
impiindonesia,PT IMPI,0,5,August 2024,19
WikiDPR1,WikiDPR 1,3784,6,September 2015,217.7k
ferryupdate,,1006,487,January 2014,10.8k
BabelKejati,Kejaksaan Tinggi Kep. Bangka Belitung,188,230,June 2020,2524
kantah_kotabaru,Kantor Pertanahan Kabupaten Kotabaru,392,359,July 2020,617
diajengnabilax,diajengnabilaxxx,128,132,February 2024,383
SanjayKusnaidi,,23,12,November 2022,2184
Menyala_susuku,Adeline Kamala,7,7,August 2024,53
travis_moh,Kuda Lumping Malioboro,32,13,February 2021,1815
June_dya77,,12.8k,9761,May 2020,52.3k
agenraffi777,RAFFI777 OFFICIAL,1,5,December 2023,101
bkpm,Kementerian Investasi dan Hilirisasi/BKPM,137.5k,109,January 2010,14.8k
Ardityo46,Ardityo,40,13,September 2023,1317
ImigrasiBJM_,Kantor Imigrasi Kelas I TPI Banjarmasin,337,52,March 2018,10.2k
catchmeupco,Catch Me Up!,229.5k,2,August 2019,15.8k
cabjarisemarang,Cabang Kejaksaan Negeri Kota Semarang di Pelabuhan,20,64,May 2021,1689
tang__kira,Bintang,205.1k,37.6k,February 2013,102.9k
0xxPicknappa,Ern4,302,6235,June 2022,46.1k
Kodimjakut,Kodim 0502/JU,146,8,May 2022,291
endang_yl,,6334,1023,July 2011,92.2k
Muslim_AntiPKI9,,9201,6799,December 2022,83.9k
Hongsuitot0,Hongsuitoto,9,495,October 2024,16
dedenx269,dedenx,13,55,December 2022,2620
BakaDono633055,nisa,6,196,May 2024,289
Ilustrator23,ILUSTRATOR HANDAL,9708,6414,June 2015,"11,7k"
gawohdotcom,Gawoh.com,14,2,February 2015,861
BKFKemenkeu,Badan Kebijakan Fiskal,11k,22,April 2010,10.5k
Kejari_lamteng,Kejaksaan Negeri Lampung Tengah,453,769,March 2021,1121
DanielHutaurukk,Daniel B Hutauruk,673,238,January 2010,10.1k
imigrasi_trk,Imigrasi Tarakan,337,117,April 2018,3311
Timurtengah_id,Timur Tengah,11,5,June 2022,308
KejariMinsel,Kejaksaan Negeri Minahasa Selatan,142,262,May 2020,3122
franspakanan,Frans Kaka,5,67,June 2014,567
detikfinance,DetikFinance,632.8k,16,April 2010,389.3k
Sw4r4Ke4dil4n__,𝗦𝗪𝗔𝗥𝗔 𝗞𝗘𝗔𝗗𝗜𝗟𝗔𝗡,1293,2739,April 2024,3476
LoveToleransi,LoveTo,5618,6381,December 2019,45.3k
RcyberProj0,,7754,986,June 2017,16.8k
DNK_TV,DNK TV,2381,74,June 2012,6496
RioOchou,ochou londo,76,94,February 2024,3328
xineibn,ibnxine,1034,981,October 2023,11.2k
Vikadila31,55 Vikadila,0,2,June 2024,48
WastuPrabowo,anak negeri...,105,216,August 2022,5462
Berasedvk,46 Berased,0,4,May 2024,76
loketpaytren2,Otak Ku Masih Original,877,1007,February 2019,15.5k
aryanidepi,Devia aryani,0,20,October 2023,5092
derryakbr,derryakbr,31,0,August 2022,2973
bilavcika,51 bilavcika,0,2,August 2024,62
bnnkbaritokuala,bnnkbaritokuala,26,34,October 2018,229
GNFI,Good News From Indonesia,1.6m,328,May 2009,100.6k
LembahArfak,ANTI POLITIK HITAM,752,1138,December 2022,11.5k
Redaksi_5News,5 News,138,191,March 2018,15.5k
Cinta_Trotoar,MULUZA,72,157,November 2010,2287
JPenentu70267,jelas penentu,50,69,September 2024,4731
gavin_permana,Gavin Permana,1,35,September 2023,252
masaryaduta,,10.7k,11.3k,March 2013,32.8k
MerahPutih2024,SaDEWA,4430,418,June 2020,9843
Firayamim,58 Firayam,0,1,June 2024,45
fenewsid,FENEWS,1951,160,September 2010,1382
DiskominfoPWK,Diskominfo Purwakarta,15.1k,219,August 2013,"25,3k"
omjeck007,Om Jeck,0,1,September 2024,43
pesanstempel,Flashindo Stempel,12,35,July 2015,716
fungame777,Fungame777,14,18,September 2021,2880
dekdeaayuk,Dea ayu,3,26,October 2023,4571
HarimanAz,Hariman Amir,2801,2338,February 2010,8570
ANTARAJatim_,ANTARA Jatim,78,13,August 2022,15.7k
AmandaSayasane4,Amanda Sayasane,10,18,October 2022,894
aboutthree_m,PT Merapi Maju Makmur,3,2,October 2023,79
djpl_ksopsmq,KSOP KELAS III SAMPIT,96,84,March 2022,1509
Rian__Az,The Doctor,27.1k,25k,September 2012,151.2k
HanjarAgung,Hanjar agung,43,268,December 2020,2317
This_a_this_u,,1541,1866,August 2018,4098
karana0132275,Karana01,409,502,August 2023,17k
Bicaasaaal,Bicara Bicara,3,31,August 2024,1563
Biilly83,Billy83,2,3,June 2022,691
bolabetdewa,Bolabet Dewa,0,11,August 2024,92
gemblong_cklt,Gemblong coklat,42,170,August 2009,1672
GotoMimin117,MIMIN GOTO,0,14,November 2023,106
Simalika15,52 Simalika,0,2,June 2024,57
WGreborn,Wong Gede,4404,3493,November 2019,39.2K
pusdajatim,PU SDA Jatim,2232,55,May 2016,3373
antony_gutheng,antony,51,92,August 2015,437
abi_ngah,bad_man,14,137,December 2012,323
Kemenag_DIY,Kanwil Kemenag DIY,3606,149,June 2014,9822
dpmptspclp,DPMPTSP Kab. Cilacap,425,148,March 2016,618
dpmptsp_ptk,DPMPTSP Pontianak,304,27,April 2016,565
okaclio,DP Silalahi,2830,5198,May 2018,3728
KEJARISAMARINDA,Kejaksaan Negeri Samarinda,608,567,July 2020,2901
ptsptegalkota,dpmptsp.tegalkota,32,263,October 2023,204
dermanjanner,DJTech,82,40,March 2009,2572
JDIH_Pontianak,JDIH Kota Pontianak,1,7,May 2022,82
rutanbaturaja,Rumah Tahanan Negara Kelas IIB Baturaja,376,172,May 2018,24k
glohsyi,ayina,952,985,June 2016,1549
LPLubuklinggau,Lapas Lubuklinggau,566,281,August 2014,16.2k
baangor,aang780,129,252,April 2010,29k
yanisekrop,Yani Sekrop,381,68,August 2023,2657
jogun8302002,Jo Gun,8,1,August 2022,1232
941salsabilafm,941salsabilafm,101,28,August 2019,2764
popjasaofficial,POPJASA,17,18,February 2022,1352
Ajuansyah_putra,Ajuansyah Surbakti,559,571,April 2017,9515
Nusatmr,NusaTmr,112,103,August 2022,3195
akuteguh5,akuteguh,75,119,January 2023,77.3k
VisiIntegritas,VISI INTEGRITAS,1144,87,February 2019,1318
JanuarAnni63084,Laras Januar (Manusia Oposisi),25,56,April 2023,1866
Titik__R,Titik Rahayu,169,182,April 2021,2768
MishelAbdul,Michie,24.6k,23.9k,October 2012,4345
uppsangkulirang,djpl_uppsangkulirang,6,61,January 2024,45
Intan_Baswedan,Intan Baswedan,1,3,September 2023,219
KecamatanR,KECAMATAN ROWOKELE,69,3, August 2015,990
andiekasaputr,,0,16,Andika ssputra,4808
MerajutSukma525,#BelaRakyatPIK2,555,962,April 2024,518
golbachgoals,,138,89,September 2017,64.9k
ItjenKementan,Inspektorat Jenderal Kementerian Pertanian,405,40,April 2016,994
RutanSamarinda,Rutan_Samarinda,254,135,March 2018,1748
bpombanyumas,Loka POM di Banyumas,218,105,September 2018,1197
MuhammaRyan94,Muhammad Ryan,11,33,August 2022,862
JulieMewengkan,Julie Mewengkan,20,11,October 2022,8055
lizalinda17,lizalinda,264,454, January 2020,6493
kenvofv,GGWP,446,445,July 2015,714
Bobfals11,EL Commune,1089,1136,September 2011,38.8k
afzaholic,FaTaSa,55,490,June 2010,240
Supriyo14662233,Supriyono,211,310,July 2020,1001
PGA12345677889,Andre,3,47,July 2023,921
dodi_josh,Josh Sander,1273,5157,December 2009,1525
xpuffers,Leoz,740,900,September 2016,1165
CakCokCakCok,,17,42,September 2024,634
chaefilmsc,,613,816,September 2013,291
lpkabatam,LPKA Kelas II Batam,388,277,August 2018,4042
doblang_08,Paman,120,618,March 2011,13.2k
BagianK52393,BIRO ORGANISASI SULSEL,2,2,June 2024,168
nurudinwriter,NURUDIN,3880,770,June 2010,43k
ririn101182,Ririn Suryanti,0,8,August 2022,31
GrizelleJovank4,J-Grizelle,24,24,July 2021,4970
djok2024,Delvina Oktaviani,1,10,October 2022,12
valensgt,sigit nugroho,3,29,December 2009,1133
rutanlusika,rutanlubuksikaping,80,54,February 2020,1460
ProkopimKabBdg,Prokopim Kab Bandung,2338,141,December 2017,12.6k
bapaskutacane,Bapas Kutacane,369,217, February 2020,1362
a_doni95,Aditia  Doni  S,128,105,uly 2012,60.1k
ryokosuzuki0720,,8262,304,March 2011,9871
NasionalBerita_,Berita Nasional,57,43,March 2024,9395
paudpedia,Direktorat PAUD,3192,107,February 2020,1627
DitjenPK,DJPK Kemenkeu,16.6k,310,May 2015,8880
flashindo_yk,Flashindo Mandiri Sejahtera,2,6,February 2020,255
ZiqriZiqri60102,ziqziQ_RI,237,760,November 2023,5170
IDNTimesNTB,IDN Times NTB,263,23,October 2020,13.1k
dapurdaily,DapurDaily.com,41,282,November 2017,11.9k
saerozi63,Saerozi's quote,213,360, March 2023,660
BangKandar79859,Kandar Tanjung,1047,1228,April 2023,5258
TOM5helby,Tommy Shelby,10.4k,6367,August 2021,31.1k
haloindonesia88,Majalah Halo Indonesia,67,423,October 2017,11.6k
CuevasKelt65317,Kelton Cuevas,0,5,October 2023,172
ANTARABengkulu,Antara Bengkulu,2861,746,November 2011,137.7k
BeYumoi,NUMERO UNO,1025,2112,December 2022,8033
kemenagska,Kemenag Kota Surakarta,7,22,February 2024,213
tropmeducation,Center for Tropical Medicine UGM,146,16,October 2019,1480
StrayKids_LK,,4802,4420,May 2020,36.8k
diveyoo,dive 21,10,104,July 2012,270
RioSolehuddin,RS,1262,2678,April 2012,4735
tribunpontianak,Tribun Pontianak,113.4k,38,February 2010,"214,2k"
NusantaraNow_id,usantaraNow,0,13,August 2024,29
aMbaR_juNtak,aMbaR Si Jalo Beo,22,21,April 2012,2020
doremindo,Doremindo Agency (DO’A),4518,219,December 2012,11k
yosie27,yosie,680,55,February 2011,4209
scsuroso,anti ngibul,661,476,July 2013,30.2k
barround70,dark ages,3,5,September 2024,373
jasmine_putri00,jasmine,850,636,September 2022,10.4k
batang_update,BATANG UPDATE,4514,8,July 2019,842
KominfoPemalang,DiskominfoPemalang,4651,285,January 2017,4927
kpukotametro,KPU Kota Metro,661,1151,March 2014,5035
HaninMayang,Mayang Hanin,0,7,May 2024,2107
DRainbow24,DewiRainbow24,0,16,December 2023,388
Cassan_KJP,,128,557,June 2024,2178
